ALT,P,T,H2O,CO2,O3,CO,N2O,CH4,O2,BRD,NO,SO2_HI,NO2_HI,NH3,HNO3_HI,OH,HF,HCL,HBR,HI,CLO,OCS,H2CO,HOCL,N2,HCN,CH3CL,H2O2,C2H2,C2H6,PH3,COF2,SF6,H2S,HCOOH,HO2,O,CLONO2_HI,NOPLUS,HOBR,C2H4,CH3OH,CH3BR,CH3CN_HI,CF4_HI,C4H2,HC3N,H2,CS,SO3,BRO,CLONO2_XS,HNO4,CHCL2F,CCL4,F11,F12,C2CL2F4,C2CL3F3,N2O5,HNO3_XS,CF4_XS,CHCLF2,CCLF3,C2CLF5,NO2_XS,PAN,ACET,CH3CN_XS,CHF2CF3,CFH2CF3,CF3CH3,CH3CHF2,CH2F2,CCl2FCH3,CH3CClF2,??????,CHCl2CF3,CHClFCF3,CHCl2C2F5,C2HCl2F3CF2,SO2_XS,ISOP,CHF3
 4.360E-01, 1.027E+03, 2.948E+02, 1.940E-02, 3.300E-04, 2.976E-08, 1.506E-07, 3.200E-07, 1.700E-06, 2.090E-01, 2.527E+13, 3.000E-10, 3.033E-10, 2.300E-11, 5.000E-10, 4.877E-11, 4.400E-14, 1.000E-14, 1.032E-09, 1.700E-12, 3.000E-12, 1.000E-14, 6.013E-10, 2.570E-09, 7.329E-12, 7.810E-01, 1.706E-10, 7.038E-10, 2.006E-10, 3.164E-10, 2.000E-09, 1.000E-20, 1.000E-20, 1.000E-20, 1.000E-20, 1.000E-20, 1.000E-20, 1.000E-20, 1.000E-20, 1.000E-20, 1.000E-20, 1.000E-20, 1.000E-20, 1.000E-20, 1.000E-20, 1.000E-20, 1.000E-20, 1.000E-20, 1.000E-20, 1.000E-20, 1.000E-20, 1.741E-17, 4.811E-12, 7.383E-13,nan, 1.300E-10, 1.400E-10, 2.400E-10, 1.200E-11, 1.900E-11, 9.594E-17, 5.619E-11, 7.000E-11, 9.350E-11, 5.000E-12, 4.000E-12, 2.300E-11, 5.560E-14, 4.689E-10, 1.000E-10, 2.002E-12, 9.669E-12, 2.002E-12, 2.002E-12, 3.861E-12, 1.121E-11, 1.078E-11,nan,nan,nan,nan,nan, 3.033E-10, 1.103E-10, 2.145E-11
 5.586E-01, 1.000E+03, 2.937E+02, 1.818E-02, 3.300E-04, 3.054E-08, 1.494E-07, 3.200E-07, 1.700E-06, 2.090E-01, 2.468E+13, 3.000E-10, 2.970E-10, 2.300E-11, 5.000E-10, 5.112E-11, 4.400E-14, 1.000E-14, 9.706E-10, 1.700E-12, 3.000E-12, 1.000E-14, 5.988E-10, 2.244E-09, 8.040E-12, 7.810E-01, 1.694E-10, 6.965E-10, 1.994E-10, 2.850E-10, 2.000E-09, 1.000E-20, 1.000E-20, 1.000E-20, 1.000E-20, 1.000E-20, 1.000E-20, 1.000E-20, 1.000E-20, 1.000E-20, 1.000E-20, 1.000E-20, 1.000E-20, 1.000E-20, 1.000E-20, 1.000E-20, 1.000E-20, 1.000E-20, 1.000E-20, 1.000E-20, 1.000E-20, 1.741E-17, 4.670E-12, 1.019E-12,nan, 1.300E-10, 1.400E-10, 2.400E-10, 1.200E-11, 1.900E-11, 1.634E-16, 5.847E-11, 7.000E-11, 9.350E-11, 5.000E-12, 4.000E-12, 2.300E-11, 7.540E-14, 4.844E-10, 1.000E-10, 1.998E-12, 9.650E-12, 1.998E-12, 1.998E-12, 3.848E-12, 1.119E-11, 1.076E-11,nan,nan,nan,nan,nan, 2.970E-10, 9.251E-11, 2.144E-11
 9.707E-01, 9.085E+02, 2.900E+02, 1.407E-02, 3.300E-04, 3.318E-08, 1.453E-07, 3.200E-07, 1.700E-06, 2.090E-01, 2.271E+13, 3.000E-10, 2.755E-10, 2.300E-11, 5.000E-10, 5.904E-11, 4.400E-14, 1.000E-14, 7.637E-10, 1.700E-12, 3.000E-12, 1.000E-14, 5.906E-10, 1.148E-09, 1.043E-11, 7.810E-01, 1.653E-10, 6.718E-10, 1.953E-10, 1.795E-10, 2.000E-09, 1.000E-20, 1.000E-20, 1.000E-20, 1.000E-20, 1.000E-20, 1.000E-20, 1.000E-20, 1.000E-20, 1.000E-20, 1.000E-20, 1.000E-20, 1.000E-20, 1.000E-20, 1.000E-20, 1.000E-20, 1.000E-20, 1.000E-20, 1.000E-20, 1.000E-20, 1.000E-20, 1.741E-17, 4.196E-12, 1.964E-12,nan, 1.300E-10, 1.400E-10, 2.400E-10, 1.200E-11, 1.900E-11, 3.903E-16, 6.616E-11, 7.000E-11, 9.350E-11, 5.000E-12, 4.000E-12, 2.300E-11, 1.420E-13, 5.368E-10, 1.000E-10, 1.984E-12, 9.583E-12, 1.984E-12, 1.984E-12, 3.806E-12, 1.112E-11, 1.069E-11,nan,nan,nan,nan,nan, 2.755E-10, 3.275E-11, 2.140E-11
 1.766E+00, 8.254E+02, 2.863E+02, 1.064E-02, 3.300E-04, 3.610E-08, 1.411E-07, 3.200E-07, 1.700E-06, 2.090E-01, 2.089E+13, 3.000E-10, 2.449E-10, 2.300E-11, 4.717E-10, 6.703E-11, 4.400E-14, 1.176E-14, 6.050E-10, 1.700E-12, 3.000E-12, 1.000E-14, 5.823E-10, 5.599E-10, 1.183E-11, 7.810E-01, 1.635E-10, 6.493E-10, 1.927E-10, 1.136E-10, 2.000E-09, 1.000E-20, 1.000E-20, 1.000E-20, 1.000E-20, 1.000E-20, 1.000E-20, 1.000E-20, 1.000E-20, 1.000E-20, 1.000E-20, 1.000E-20, 1.000E-20, 1.000E-20, 1.000E-20, 1.000E-20, 1.000E-20, 1.000E-20, 1.000E-20, 1.000E-20, 1.000E-20, 1.741E-17, 3.722E-12, 2.909E-12,nan, 1.299E-10, 1.399E-10, 2.399E-10, 1.200E-11, 1.899E-11, 6.174E-16, 7.385E-11, 7.000E-11, 9.350E-11, 5.000E-12, 4.000E-12, 2.300E-11, 6.935E-13, 5.967E-10, 1.000E-10, 1.972E-12, 9.521E-12, 1.972E-12, 1.972E-12, 3.766E-12, 1.104E-11, 1.061E-11,nan,nan,nan,nan,nan, 2.449E-10, 1.186E-11, 2.137E-11
 2.566E+00, 7.499E+02, 2.818E+02, 7.587E-03, 3.300E-04, 3.993E-08, 1.371E-07, 3.200E-07, 1.700E-06, 2.090E-01, 1.928E+13, 3.000E-10, 2.099E-10, 2.300E-11, 4.160E-10, 7.485E-11, 4.400E-14, 1.649E-14, 4.823E-10, 1.700E-12, 3.000E-12, 1.000E-14, 5.743E-10, 3.038E-10, 1.175E-11, 7.810E-01, 1.619E-10, 6.311E-10, 1.903E-10, 7.967E-11, 2.000E-09, 1.000E-20, 1.000E-20, 1.000E-20, 1.000E-20, 1.000E-20, 1.000E-20, 1.000E-20, 1.000E-20, 1.000E-20, 1.000E-20, 1.000E-20, 1.000E-20, 1.000E-20, 1.000E-20, 1.000E-20, 1.000E-20, 1.000E-20, 1.000E-20, 1.000E-20, 1.000E-20, 1.741E-17, 3.193E-12, 5.594E-12,nan, 1.299E-10, 1.399E-10, 2.399E-10, 1.200E-11, 1.899E-11, 3.048E-14, 7.928E-11, 7.000E-11, 9.350E-11, 5.000E-12, 4.000E-12, 2.300E-11, 1.649E-12, 6.755E-10, 1.000E-10, 1.958E-12, 9.458E-12, 1.958E-12, 1.958E-12, 3.737E-12, 1.097E-11, 1.054E-11,nan,nan,nan,nan,nan, 2.099E-10, 4.000E-12, 2.135E-11
 3.350E+00, 6.813E+02, 2.771E+02, 5.224E-03, 3.300E-04, 4.432E-08, 1.336E-07, 3.200E-07, 1.699E-06, 2.090E-01, 1.781E+13, 3.000E-10, 1.746E-10, 2.300E-11, 3.478E-10, 8.246E-11, 4.400E-14, 2.394E-14, 3.859E-10, 1.700E-12, 3.000E-12, 1.000E-14, 5.672E-10, 1.965E-10, 1.084E-11, 7.810E-01, 1.606E-10, 6.167E-10, 1.872E-10, 6.155E-11, 2.000E-09, 1.000E-20, 1.000E-20, 1.000E-20, 1.000E-20, 1.000E-20, 1.000E-20, 1.000E-20, 1.000E-20, 1.000E-20, 1.000E-20, 1.000E-20, 1.000E-20, 1.000E-20, 1.000E-20, 1.000E-20, 1.000E-20, 1.000E-20, 1.000E-20, 1.000E-20, 1.000E-20, 1.741E-17, 2.647E-12, 8.938E-12,nan, 1.299E-10, 1.399E-10, 2.399E-10, 1.200E-11, 1.899E-11, 7.171E-14, 8.376E-11, 7.000E-11, 9.350E-11, 5.000E-12, 4.000E-12, 2.300E-11, 2.692E-12, 7.576E-10, 1.000E-10, 1.945E-12, 9.395E-12, 1.945E-12, 1.945E-12, 3.717E-12, 1.089E-11, 1.047E-11,nan,nan,nan,nan,nan, 1.746E-10, 1.635E-12, 2.133E-11
 4.122E+00, 6.190E+02, 2.725E+02, 3.619E-03, 3.300E-04, 4.905E-08, 1.311E-07, 3.200E-07, 1.696E-06, 2.090E-01, 1.646E+13, 3.000E-10, 1.426E-10, 2.300E-11, 2.777E-10, 8.977E-11, 4.400E-14, 3.479E-14, 3.092E-10, 1.700E-12, 3.000E-12, 1.000E-14, 5.611E-10, 1.351E-10, 9.581E-12, 7.810E-01, 1.600E-10, 6.064E-10, 1.831E-10, 4.938E-11, 2.000E-09, 1.000E-20, 1.000E-20, 1.000E-20, 1.000E-20, 1.000E-20, 1.000E-20, 1.000E-20, 1.000E-20, 1.000E-20, 1.000E-20, 1.000E-20, 1.000E-20, 1.000E-20, 1.000E-20, 1.000E-20, 1.000E-20, 1.000E-20, 1.000E-20, 1.000E-20, 1.000E-20, 2.035E-17, 2.137E-12, 1.268E-11,nan, 1.298E-10, 1.398E-10, 2.398E-10, 1.199E-11, 1.898E-11, 2.367E-13, 8.797E-11, 7.000E-11, 9.350E-11, 5.000E-12, 4.000E-12, 2.300E-11, 3.709E-12, 8.354E-10, 1.000E-10, 1.932E-12, 9.333E-12, 1.932E-12, 1.932E-12, 3.706E-12, 1.082E-11, 1.040E-11,nan,nan,nan,nan,nan, 1.426E-10, 1.176E-12, 2.132E-11
 4.887E+00, 5.623E+02, 2.679E+02, 2.404E-03, 3.300E-04, 5.434E-08, 1.304E-07, 3.200E-07, 1.688E-06, 2.090E-01, 1.521E+13, 3.000E-10, 1.212E-10, 2.300E-11, 2.135E-10, 9.651E-11, 4.400E-14, 5.354E-14, 2.480E-10, 1.700E-12, 3.000E-12, 1.000E-14, 5.558E-10, 1.045E-10, 8.212E-12, 7.810E-01, 1.600E-10, 6.026E-10, 1.778E-10, 4.112E-11, 2.000E-09, 1.000E-20, 1.000E-20, 1.000E-20, 1.000E-20, 1.000E-20, 1.000E-20, 1.000E-20, 1.000E-20, 1.000E-20, 1.000E-20, 1.000E-20, 1.000E-20, 1.000E-20, 1.000E-20, 1.000E-20, 1.000E-20, 1.000E-20, 1.000E-20, 1.000E-20, 1.000E-20, 3.878E-17, 1.771E-12, 1.873E-11,nan, 1.297E-10, 1.397E-10, 2.398E-10, 1.199E-11, 1.898E-11, 1.056E-12, 9.107E-11, 7.000E-11, 9.350E-11, 5.000E-12, 4.000E-12, 2.300E-11, 4.982E-12, 9.165E-10, 1.000E-10, 1.921E-12, 9.276E-12, 1.921E-12, 1.921E-12, 3.698E-12, 1.076E-11, 1.034E-11,nan,nan,nan,nan,nan, 1.212E-10, 1.153E-12, 2.131E-11
 5.643E+00, 5.109E+02, 2.633E+02, 1.765E-03, 3.300E-04, 6.088E-08, 1.293E-07, 3.200E-07, 1.677E-06, 2.090E-01, 1.405E+13, 3.000E-10, 1.046E-10, 2.300E-11, 1.667E-10, 1.062E-10, 4.400E-14, 7.914E-14, 2.004E-10, 1.700E-12, 3.000E-12, 1.000E-14, 5.505E-10, 8.353E-11, 6.987E-12, 7.810E-01, 1.600E-10, 6.007E-10, 1.699E-10, 3.475E-11, 1.936E-09, 1.000E-20, 1.000E-20, 1.000E-20, 1.000E-20, 1.000E-20, 1.000E-20, 1.000E-20, 1.000E-20, 1.000E-20, 1.000E-20, 1.000E-20, 1.000E-20, 1.000E-20, 1.000E-20, 1.000E-20, 1.000E-20, 1.000E-20, 1.000E-20, 1.000E-20, 1.000E-20, 5.699E-17, 1.409E-12, 2.470E-11,nan, 1.296E-10, 1.396E-10, 2.397E-10, 1.199E-11, 1.897E-11, 1.866E-12, 9.414E-11, 7.000E-11, 9.350E-11, 5.000E-12, 4.000E-12, 2.300E-11, 8.843E-12, 9.646E-10, 1.000E-10, 1.908E-12, 9.215E-12, 1.908E-12, 1.908E-12, 3.692E-12, 1.069E-11, 1.027E-11,nan,nan,nan,nan,nan, 1.046E-10, 1.079E-12, 2.130E-11
 6.374E+00, 4.642E+02, 2.588E+02, 1.327E-03, 3.300E-04, 6.916E-08, 1.273E-07, 3.200E-07, 1.663E-06, 2.090E-01, 1.299E+13, 3.000E-10, 9.182E-11, 2.300E-11, 1.283E-10, 1.166E-10, 4.404E-14, 1.147E-13, 1.614E-10, 1.700E-12, 3.000E-12, 1.000E-14, 5.450E-10, 6.916E-11, 6.046E-12, 7.810E-01, 1.600E-10, 6.000E-10, 1.596E-10, 3.044E-11, 1.881E-09, 1.000E-20, 1.000E-20, 1.000E-20, 1.000E-20, 1.000E-20, 1.000E-20, 1.000E-20, 1.000E-20, 1.000E-20, 1.000E-20, 1.000E-20, 1.000E-20, 1.000E-20, 1.000E-20, 1.000E-20, 1.000E-20, 1.000E-20, 1.000E-20, 1.000E-20, 1.000E-20, 7.460E-17, 1.140E-12, 2.951E-11,nan, 1.296E-10, 1.396E-10, 2.397E-10, 1.199E-11, 1.897E-11, 2.318E-12, 9.691E-11, 7.000E-11, 9.350E-11, 5.000E-12, 4.000E-12, 2.300E-11, 1.287E-11, 9.949E-10, 1.000E-10, 1.896E-12, 9.159E-12, 1.896E-12, 1.896E-12, 3.686E-12, 1.062E-11, 1.021E-11,nan,nan,nan,nan,nan, 9.182E-11, 1.059E-12, 2.130E-11
 7.080E+00, 4.217E+02, 2.542E+02, 9.902E-04, 3.300E-04, 7.873E-08, 1.242E-07, 3.200E-07, 1.647E-06, 2.090E-01, 1.202E+13, 3.000E-10, 8.213E-11, 2.300E-11, 9.609E-11, 1.270E-10, 4.413E-14, 1.600E-13, 1.294E-10, 1.700E-12, 3.000E-12, 1.001E-14, 5.394E-10, 5.958E-11, 5.363E-12, 7.810E-01, 1.600E-10, 5.998E-10, 1.469E-10, 2.780E-11, 1.845E-09, 1.000E-20, 1.000E-20, 1.000E-20, 1.000E-20, 1.000E-20, 1.000E-20, 1.000E-20, 1.000E-20, 1.000E-20, 1.000E-20, 1.000E-20, 1.000E-20, 1.000E-20, 1.000E-20, 1.000E-20, 1.000E-20, 1.000E-20, 1.000E-20, 1.000E-20, 1.000E-20, 9.272E-17, 9.567E-13, 3.326E-11,nan, 1.295E-10, 1.396E-10, 2.396E-10, 1.199E-11, 1.896E-11, 2.450E-12, 9.942E-11, 7.000E-11, 9.350E-11, 5.000E-12, 4.000E-12, 2.300E-11, 1.642E-11, 1.014E-09, 1.000E-10, 1.886E-12, 9.106E-12, 1.886E-12, 1.886E-12, 3.680E-12, 1.056E-11, 1.015E-11,nan,nan,nan,nan,nan, 8.213E-11, 1.104E-12, 2.129E-11
 7.794E+00, 3.831E+02, 2.495E+02, 7.233E-04, 3.300E-04, 8.846E-08, 1.198E-07, 3.196E-07, 1.633E-06, 2.090E-01, 1.112E+13, 3.000E-10, 7.434E-11, 2.300E-11, 7.180E-11, 1.363E-10, 4.442E-14, 2.229E-13, 1.063E-10, 1.700E-12, 3.000E-12, 1.008E-14, 5.336E-10, 5.222E-11, 4.848E-12, 7.810E-01, 1.600E-10, 5.984E-10, 1.284E-10, 2.601E-11, 1.802E-09, 1.000E-20, 1.000E-20, 1.000E-20, 1.000E-20, 1.000E-20, 1.000E-20, 1.000E-20, 1.000E-20, 1.000E-20, 1.000E-20, 1.000E-20, 1.000E-20, 1.000E-20, 1.000E-20, 1.000E-20, 1.000E-20, 1.000E-20, 1.000E-20, 1.000E-20, 1.000E-20, 1.202E-16, 7.706E-13, 3.706E-11,nan, 1.294E-10, 1.395E-10, 2.395E-10, 1.198E-11, 1.895E-11, 2.584E-12, 1.020E-10, 7.000E-11, 9.350E-11, 5.000E-12, 4.000E-12, 2.300E-11, 1.836E-11, 1.029E-09, 1.000E-10, 1.873E-12, 9.048E-12, 1.873E-12, 1.873E-12, 3.672E-12, 1.049E-11, 1.009E-11,nan,nan,nan,nan,nan, 7.434E-11, 1.233E-12, 2.128E-11
 8.499E+00, 3.481E+02, 2.450E+02, 5.300E-04, 3.300E-04, 1.012E-07, 1.140E-07, 3.179E-07, 1.622E-06, 2.090E-01, 1.029E+13, 3.000E-10, 6.886E-11, 2.310E-11, 5.129E-11, 1.460E-10, 4.505E-14, 3.223E-13, 8.724E-11, 1.700E-12, 3.000E-12, 1.030E-14, 5.285E-10, 4.616E-11, 4.555E-12, 7.810E-01, 1.600E-10, 5.960E-10, 1.070E-10, 2.475E-11, 1.755E-09, 1.000E-20, 1.000E-20, 1.000E-20, 1.000E-20, 1.000E-20, 1.000E-20, 1.000E-20, 1.000E-20, 1.000E-20, 1.000E-20, 1.000E-20, 1.000E-20, 1.000E-20, 1.000E-20, 1.000E-20, 1.000E-20, 1.000E-20, 1.000E-20, 1.000E-20, 1.000E-20, 1.566E-16, 6.702E-13, 3.696E-11,nan, 1.294E-10, 1.395E-10, 2.395E-10, 1.198E-11, 1.895E-11, 2.574E-12, 1.069E-10, 7.000E-11, 9.350E-11, 5.000E-12, 4.000E-12, 2.310E-11, 2.052E-11, 1.015E-09, 1.000E-10, 1.861E-12, 8.987E-12, 1.861E-12, 1.861E-12, 3.663E-12, 1.042E-11, 1.002E-11,nan,nan,nan,nan,nan, 6.886E-11, 1.105E-12, 2.127E-11
 9.181E+00, 3.162E+02, 2.405E+02, 3.829E-04, 3.300E-04, 1.146E-07, 1.076E-07, 3.151E-07, 1.608E-06, 2.090E-01, 9.524E+12, 3.000E-10, 6.473E-11, 2.331E-11, 3.455E-11, 1.568E-10, 4.582E-14, 4.497E-13, 7.155E-11, 1.700E-12, 3.000E-12, 1.079E-14, 5.237E-10, 4.113E-11, 4.397E-12, 7.810E-01, 1.600E-10, 5.929E-10, 8.493E-11, 2.377E-11, 1.695E-09, 1.000E-20, 1.000E-20, 1.000E-20, 1.000E-20, 1.000E-20, 1.000E-20, 1.000E-20, 1.000E-20, 1.000E-20, 1.000E-20, 1.000E-20, 1.000E-20, 1.000E-20, 1.000E-20, 1.000E-20, 1.000E-20, 1.000E-20, 1.000E-20, 1.000E-20, 1.000E-20, 2.044E-16, 6.061E-13, 3.533E-11,nan, 1.293E-10, 1.394E-10, 2.394E-10, 1.198E-11, 1.894E-11, 2.509E-12, 1.126E-10, 7.000E-11, 9.350E-11, 5.000E-12, 4.000E-12, 2.331E-11, 2.312E-11, 9.707E-10, 9.638E-11, 1.848E-12, 8.924E-12, 1.848E-12, 1.848E-12, 3.650E-12, 1.035E-11, 9.946E-12,nan,nan,nan,nan,nan, 6.473E-11, 8.951E-13, 2.125E-11
 9.854E+00, 2.873E+02, 2.362E+02, 2.715E-04, 3.300E-04, 1.276E-07, 1.011E-07, 3.106E-07, 1.584E-06, 2.090E-01, 8.811E+12, 3.000E-10, 6.150E-11, 2.371E-11, 2.285E-11, 1.709E-10, 4.662E-14, 6.199E-13, 5.944E-11, 1.700E-12, 3.000E-12, 1.187E-14, 5.190E-10, 3.716E-11, 4.350E-12, 7.810E-01, 1.600E-10, 5.889E-10, 6.273E-11, 2.289E-11, 1.601E-09, 1.000E-20, 1.000E-20, 1.000E-20, 1.000E-20, 1.000E-20, 1.000E-20, 1.000E-20, 1.000E-20, 1.000E-20, 1.000E-20, 1.000E-20, 1.000E-20, 1.000E-20, 1.000E-20, 1.000E-20, 1.000E-20, 1.000E-20, 1.000E-20, 1.000E-20, 1.000E-20, 2.753E-16, 5.430E-13, 3.371E-11,nan, 1.292E-10, 1.392E-10, 2.393E-10, 1.198E-11, 1.893E-11, 2.444E-12, 1.183E-10, 7.000E-11, 9.350E-11, 5.000E-12, 4.000E-12, 2.371E-11, 2.678E-11, 8.734E-10, 8.293E-11, 1.833E-12, 8.854E-12, 1.833E-12, 1.833E-12, 3.633E-12, 1.027E-11, 9.869E-12,nan,nan,nan,nan,nan, 6.150E-11, 7.316E-13, 2.123E-11
 1.053E+01, 2.610E+02, 2.319E+02, 1.675E-04, 3.300E-04, 1.561E-07, 9.437E-08, 3.040E-07, 1.560E-06, 2.090E-01, 8.152E+12, 3.000E-10, 5.927E-11, 2.506E-11, 1.536E-11, 1.887E-10, 4.743E-14, 9.426E-13, 5.107E-11, 1.700E-12, 3.000E-12, 1.557E-14, 5.133E-10, 3.525E-11, 4.503E-12, 7.810E-01, 1.600E-10, 5.833E-10, 4.549E-11, 2.170E-11, 1.433E-09, 1.000E-20, 1.000E-20, 1.000E-20, 1.000E-20, 1.000E-20, 1.000E-20, 1.000E-20, 1.000E-20, 1.000E-20, 1.000E-20, 1.000E-20, 1.000E-20, 1.000E-20, 1.000E-20, 1.000E-20, 1.000E-20, 1.000E-20, 1.000E-20, 1.000E-20, 1.000E-20, 3.667E-16, 5.303E-13, 3.121E-11,nan, 1.290E-10, 1.390E-10, 2.391E-10, 1.197E-11, 1.891E-11, 2.579E-12, 1.319E-10, 7.000E-11, 9.350E-11, 5.000E-12, 4.000E-12, 2.506E-11, 2.713E-11, 6.933E-10, 6.948E-11, 1.826E-12, 8.820E-12, 1.826E-12, 1.826E-12, 3.605E-12, 1.023E-11, 9.830E-12,nan,nan,nan,nan,nan, 5.927E-11, 5.898E-13, 2.118E-11
 1.117E+01, 2.371E+02, 2.277E+02, 8.416E-05, 3.300E-04, 1.868E-07, 8.766E-08, 2.980E-07, 1.536E-06, 2.090E-01, 7.546E+12, 3.000E-10, 5.757E-11, 2.711E-11, 1.011E-11, 2.087E-10, 4.824E-14, 1.331E-12, 4.550E-11, 1.700E-12, 3.000E-12, 2.096E-14, 5.071E-10, 3.423E-11, 4.712E-12, 7.810E-01, 1.600E-10, 5.768E-10, 3.175E-11, 2.025E-11, 1.248E-09, 1.000E-20, 1.000E-20, 1.000E-20, 1.000E-20, 1.000E-20, 1.000E-20, 1.000E-20, 1.000E-20, 1.000E-20, 1.000E-20, 1.000E-20, 1.000E-20, 1.000E-20, 1.000E-20, 1.000E-20, 1.000E-20, 1.000E-20, 1.000E-20, 1.000E-20, 1.000E-20, 4.691E-16, 5.317E-13, 2.857E-11,nan, 1.288E-10, 1.388E-10, 2.389E-10, 1.197E-11, 1.889E-11, 2.763E-12, 1.472E-10, 7.000E-11, 9.350E-11, 5.000E-12, 4.000E-12, 2.711E-11, 2.636E-11, 4.976E-10, 5.655E-11, 1.822E-12, 8.797E-12, 1.822E-12, 1.822E-12, 3.575E-12, 1.020E-11, 9.804E-12,nan,nan,nan,nan,nan, 5.757E-11, 4.676E-13, 2.113E-11
 1.181E+01, 2.154E+02, 2.235E+02, 4.197E-05, 3.300E-04, 2.147E-07, 8.032E-08, 2.946E-07, 1.514E-06, 2.090E-01, 6.982E+12, 3.000E-10, 5.636E-11, 3.050E-11, 7.172E-12, 2.336E-10, 4.913E-14, 1.816E-12, 4.404E-11, 1.700E-12, 3.000E-12, 2.932E-14, 5.001E-10, 3.398E-11, 4.942E-12, 7.810E-01, 1.600E-10, 5.685E-10, 2.231E-11, 1.821E-11, 1.057E-09, 1.000E-20, 1.000E-20, 1.000E-20, 1.000E-20, 1.000E-20, 1.000E-20, 1.000E-20, 1.000E-20, 1.000E-20, 1.000E-20, 1.000E-20, 1.000E-20, 1.000E-20, 1.000E-20, 1.000E-20, 1.000E-20, 1.000E-20, 1.000E-20, 1.000E-20, 1.000E-20, 5.949E-16, 5.330E-13, 2.597E-11,nan, 1.286E-10, 1.387E-10, 2.388E-10, 1.196E-11, 1.888E-11, 2.944E-12, 1.622E-10, 7.000E-11, 9.350E-11, 5.000E-12, 4.000E-12, 3.050E-11, 2.503E-11, 3.039E-10, 4.379E-11, 1.817E-12, 8.773E-12, 1.817E-12, 1.817E-12, 3.543E-12, 1.017E-11, 9.778E-12,nan,nan,nan,nan,nan, 5.636E-11, 3.700E-13, 2.108E-11
 1.244E+01, 1.957E+02, 2.194E+02, 1.996E-05, 3.300E-04, 2.570E-07, 7.177E-08, 2.902E-07, 1.495E-06, 2.090E-01, 6.459E+12, 2.996E-10, 5.596E-11, 3.725E-11, 4.894E-12, 2.565E-10, 5.051E-14, 2.473E-12, 5.311E-11, 1.700E-12, 3.000E-12, 4.254E-14, 4.909E-10, 3.439E-11, 5.103E-12, 7.810E-01, 1.596E-10, 5.580E-10, 1.565E-11, 1.526E-11, 8.771E-10, 1.000E-20, 1.000E-20, 1.000E-20, 1.000E-20, 1.000E-20, 1.000E-20, 1.000E-20, 1.000E-20, 1.000E-20, 1.000E-20, 1.000E-20, 1.000E-20, 1.000E-20, 1.000E-20, 1.000E-20, 1.000E-20, 1.000E-20, 1.000E-20, 1.000E-20, 1.000E-20, 7.118E-16, 9.391E-13, 2.649E-11,nan, 1.277E-10, 1.378E-10, 2.379E-10, 1.194E-11, 1.880E-11, 4.924E-12, 2.352E-10, 7.000E-11, 9.350E-11, 4.814E-12, 3.885E-12, 3.725E-11, 2.997E-11, 1.831E-10, 3.116E-11, 1.804E-12, 8.712E-12, 1.804E-12, 1.804E-12, 3.515E-12, 1.010E-11, 9.709E-12,nan,nan,nan,nan,nan, 5.596E-11, 2.853E-13, 2.102E-11
 1.305E+01, 1.778E+02, 2.158E+02, 7.865E-06, 3.300E-04, 3.063E-07, 6.313E-08, 2.857E-07, 1.478E-06, 2.090E-01, 5.973E+12, 2.988E-10, 5.592E-11, 4.586E-11, 3.029E-12, 2.786E-10, 5.211E-14, 3.188E-12, 6.672E-11, 1.700E-12, 3.000E-12, 5.807E-14, 4.810E-10, 3.505E-11, 5.237E-12, 7.810E-01, 1.589E-10, 5.471E-10, 1.061E-11, 1.208E-11, 7.118E-10, 1.000E-20, 1.000E-20, 1.000E-20, 1.000E-20, 1.000E-20, 1.000E-20, 1.000E-20, 1.000E-20, 1.000E-20, 1.000E-20, 1.000E-20, 1.000E-20, 1.000E-20, 1.000E-20, 1.000E-20, 1.000E-20, 1.000E-20, 1.000E-20, 1.000E-20, 1.000E-20, 8.211E-16, 1.492E-12, 2.827E-11,nan, 1.265E-10, 1.367E-10, 2.369E-10, 1.191E-11, 1.870E-11, 7.550E-12, 3.287E-10, 7.000E-11, 9.350E-11, 4.563E-12, 3.729E-12, 4.586E-11, 3.708E-11, 1.010E-10, 1.910E-11, 1.789E-12, 8.638E-12, 1.789E-12, 1.789E-12, 3.489E-12, 1.001E-11, 9.627E-12,nan,nan,nan,nan,nan, 5.592E-11, 2.101E-13, 2.098E-11
 1.367E+01, 1.616E+02, 2.157E+02, 5.988E-06, 3.300E-04, 3.939E-07, 5.469E-08, 2.820E-07, 1.460E-06, 2.090E-01, 5.428E+12, 2.963E-10, 5.624E-11, 6.482E-11, 1.772E-12, 3.142E-10, 5.499E-14, 4.126E-12, 8.918E-11, 1.700E-12, 3.000E-12, 8.548E-14, 4.672E-10, 3.580E-11, 5.475E-12, 7.810E-01, 1.577E-10, 5.346E-10, 7.976E-12, 8.960E-12, 5.704E-10, 1.000E-20, 1.000E-20, 1.000E-20, 1.000E-20, 1.000E-20, 1.000E-20, 1.000E-20, 1.000E-20, 1.000E-20, 1.000E-20, 1.000E-20, 1.000E-20, 1.000E-20, 1.000E-20, 1.000E-20, 1.000E-20, 1.000E-20, 1.000E-20, 1.000E-20, 1.000E-20, 9.468E-16, 2.066E-12, 3.012E-11,nan, 1.253E-10, 1.355E-10, 2.359E-10, 1.187E-11, 1.860E-11, 1.028E-11, 4.256E-10, 7.000E-11, 9.350E-11, 4.325E-12, 3.579E-12, 6.482E-11, 4.240E-11, 6.845E-11, 6.585E-12, 1.773E-12, 8.562E-12, 1.773E-12, 1.773E-12, 3.458E-12, 9.927E-12, 9.542E-12,nan,nan,nan,nan,nan, 5.624E-11, 1.426E-13, 2.091E-11
 1.427E+01, 1.468E+02, 2.157E+02, 4.567E-06, 3.300E-04, 4.562E-07, 4.732E-08, 2.779E-07, 1.443E-06, 2.090E-01, 4.932E+12, 2.918E-10, 5.670E-11, 1.008E-10, 9.307E-13, 3.652E-10, 5.948E-14, 5.288E-12, 1.178E-10, 1.700E-12, 3.000E-12, 1.210E-13, 4.508E-10, 3.620E-11, 5.941E-12, 7.810E-01, 1.565E-10, 5.212E-10, 5.944E-12, 6.563E-12, 4.525E-10, 1.000E-20, 1.000E-20, 1.000E-20, 1.000E-20, 1.000E-20, 1.000E-20, 1.000E-20, 1.000E-20, 1.000E-20, 1.000E-20, 1.000E-20, 1.000E-20, 1.000E-20, 1.000E-20, 1.000E-20, 1.000E-20, 1.000E-20, 1.000E-20, 1.000E-20, 1.000E-20, 1.067E-15, 4.532E-12, 3.460E-11,nan, 1.231E-10, 1.334E-10, 2.339E-10, 1.180E-11, 1.840E-11, 1.838E-11, 5.985E-10, 7.000E-11, 9.350E-11, 4.159E-12, 3.430E-12, 1.008E-10, 4.540E-11, 4.354E-11, 0.000E+00, 1.754E-12, 8.471E-12, 1.754E-12, 1.754E-12, 3.421E-12, 9.823E-12, 9.442E-12,nan,nan,nan,nan,nan, 5.670E-11, 8.652E-14, 2.084E-11
 1.485E+01, 1.334E+02, 2.157E+02, 3.633E-06, 3.300E-04, 4.913E-07, 4.099E-08, 2.735E-07, 1.426E-06, 2.090E-01, 4.481E+12, 2.847E-10, 5.734E-11, 1.570E-10, 5.436E-13, 4.347E-10, 6.590E-14, 6.730E-12, 1.540E-10, 1.700E-12, 3.000E-12, 1.666E-13, 4.310E-10, 3.620E-11, 6.676E-12, 7.810E-01, 1.553E-10, 5.066E-10, 4.548E-12, 4.928E-12, 3.585E-10, 1.000E-20, 1.000E-20, 1.000E-20, 1.000E-20, 1.000E-20, 1.000E-20, 1.000E-20, 1.000E-20, 1.000E-20, 1.000E-20, 1.000E-20, 1.000E-20, 1.000E-20, 1.000E-20, 1.000E-20, 1.000E-20, 1.000E-20, 1.000E-20, 1.000E-20, 1.000E-20, 1.182E-15, 9.204E-12, 4.217E-11,nan, 1.196E-10, 1.300E-10, 2.308E-10, 1.170E-11, 1.810E-11, 3.278E-11, 8.616E-10, 7.000E-11, 9.350E-11, 4.072E-12, 3.278E-12, 1.570E-10, 4.584E-11, 2.672E-11, 0.000E+00, 1.732E-12, 8.362E-12, 1.732E-12, 1.732E-12, 3.376E-12, 9.697E-12, 9.320E-12,nan,nan,nan,nan,nan, 5.734E-11, 4.233E-14, 2.076E-11
 1.547E+01, 1.212E+02, 2.157E+02, 3.353E-06, 3.300E-04, 5.466E-07, 3.535E-08, 2.671E-07, 1.407E-06, 2.090E-01, 4.071E+12, 2.760E-10, 5.750E-11, 2.399E-10, 3.371E-13, 5.847E-10, 7.449E-14, 8.678E-12, 1.975E-10, 1.700E-12, 3.000E-12, 2.423E-13, 4.083E-10, 3.601E-11, 7.749E-12, 7.810E-01, 1.536E-10, 4.909E-10, 3.613E-12, 3.621E-12, 2.787E-10, 1.000E-20, 1.000E-20, 1.000E-20, 1.000E-20, 1.000E-20, 1.000E-20, 1.000E-20, 1.000E-20, 1.000E-20, 1.000E-20, 1.000E-20, 1.000E-20, 1.000E-20, 1.000E-20, 1.000E-20, 1.000E-20, 1.000E-20, 1.000E-20, 1.000E-20, 1.000E-20, 1.306E-15, 1.410E-11, 5.010E-11,nan, 1.159E-10, 1.265E-10, 2.275E-10, 1.159E-11, 1.779E-11, 4.787E-11, 1.137E-09, 7.000E-11, 9.350E-11, 3.980E-12, 3.128E-12, 2.399E-10, 4.197E-11, 1.760E-11, 0.000E+00, 1.708E-12, 8.250E-12, 1.708E-12, 1.708E-12, 3.305E-12, 9.567E-12, 9.195E-12,nan,nan,nan,nan,nan, 5.750E-11, 1.888E-14, 2.063E-11
 1.606E+01, 1.101E+02, 2.157E+02, 3.294E-06, 3.300E-04, 6.058E-07, 3.035E-08, 2.600E-07, 1.388E-06, 2.090E-01, 3.699E+12, 2.671E-10, 5.728E-11, 3.306E-10, 2.051E-13, 7.703E-10, 8.375E-14, 1.087E-11, 2.414E-10, 1.700E-12, 3.000E-12, 3.305E-13, 3.857E-10, 3.575E-11, 8.958E-12, 7.810E-01, 1.518E-10, 4.754E-10, 2.903E-12, 2.529E-12, 2.102E-10, 1.000E-20, 1.000E-20, 1.000E-20, 1.000E-20, 1.000E-20, 1.000E-20, 1.000E-20, 1.000E-20, 1.000E-20, 1.000E-20, 1.000E-20, 1.000E-20, 1.000E-20, 1.000E-20, 1.000E-20, 1.000E-20, 1.000E-20, 1.000E-20, 1.000E-20, 1.000E-20, 1.430E-15, 2.054E-11, 5.844E-11,nan, 1.121E-10, 1.228E-10, 2.242E-10, 1.147E-11, 1.746E-11, 6.423E-11, 1.418E-09, 7.000E-11, 9.349E-11, 3.891E-12, 2.988E-12, 3.306E-10, 3.669E-11, 1.163E-11, 0.000E+00, 1.685E-12, 8.137E-12, 1.685E-12, 1.685E-12, 3.226E-12, 9.435E-12, 9.069E-12,nan,nan,nan,nan,nan, 5.728E-11, 4.386E-15, 2.048E-11
 1.669E+01, 1.000E+02, 2.157E+02, 3.231E-06, 3.300E-04, 6.687E-07, 2.670E-08, 2.480E-07, 1.367E-06, 2.090E-01, 3.360E+12, 2.570E-10, 5.489E-11, 4.565E-10, 1.416E-13, 1.131E-09, 9.728E-14, 1.490E-11, 2.893E-10, 1.700E-12, 3.000E-12, 4.872E-13, 3.605E-10, 3.525E-11, 1.099E-11, 7.810E-01, 1.499E-10, 4.577E-10, 2.500E-12, 1.875E-12, 1.693E-10, 1.000E-20, 1.000E-20, 1.000E-20, 1.000E-20, 1.000E-20, 1.000E-20, 1.000E-20, 1.000E-20, 1.000E-20, 1.000E-20, 1.000E-20, 1.000E-20, 1.000E-20, 1.000E-20, 1.000E-20, 1.000E-20, 1.000E-20, 1.000E-20, 1.000E-20, 1.000E-20, 1.582E-15, 4.404E-11, 7.369E-11,nan, 1.058E-10, 1.168E-10, 2.185E-10, 1.129E-11, 1.691E-11, 9.862E-11, 1.854E-09, 7.000E-11, 9.344E-11, 3.797E-12, 2.856E-12, 4.565E-10, 2.895E-11, 8.003E-12, 0.000E+00, 1.649E-12, 7.962E-12, 1.649E-12, 1.649E-12, 3.102E-12, 9.233E-12, 8.874E-12,nan,nan,nan,nan,nan, 5.489E-11, 1.637E-15, 2.025E-11
 1.730E+01, 9.085E+01, 2.160E+02, 3.185E-06, 3.300E-04, 7.902E-07, 2.332E-08, 2.347E-07, 1.346E-06, 2.090E-01, 3.049E+12, 2.484E-10, 5.193E-11, 5.947E-10, 9.707E-14, 1.550E-09, 1.118E-13, 1.955E-11, 3.346E-10, 1.700E-12, 3.000E-12, 7.078E-13, 3.363E-10, 3.476E-11, 1.329E-11, 7.810E-01, 1.478E-10, 4.406E-10, 2.282E-12, 1.343E-12, 1.358E-10, 1.000E-20, 1.000E-20, 1.000E-20, 1.000E-20, 1.000E-20, 1.000E-20, 1.000E-20, 1.000E-20, 1.000E-20, 1.000E-20, 1.000E-20, 1.000E-20, 1.000E-20, 1.000E-20, 1.000E-20, 1.000E-20, 1.000E-20, 1.000E-20, 1.000E-20, 1.000E-20, 1.729E-15, 6.693E-11, 8.855E-11,nan, 9.958E-11, 1.109E-10, 2.130E-10, 1.111E-11, 1.638E-11, 1.321E-10, 2.278E-09, 7.000E-11, 9.338E-11, 3.705E-12, 2.733E-12, 5.947E-10, 2.228E-11, 5.444E-12, 0.000E+00, 1.614E-12, 7.794E-12, 1.614E-12, 1.614E-12, 2.965E-12, 9.038E-12, 8.687E-12,nan,nan,nan,nan,nan, 5.193E-11, 1.940E-16, 2.000E-11
 1.790E+01, 8.254E+01, 2.167E+02, 3.155E-06, 3.300E-04, 9.709E-07, 2.017E-08, 2.198E-07, 1.326E-06, 2.090E-01, 2.761E+12, 2.412E-10, 4.837E-11, 7.465E-10, 7.118E-14, 2.032E-09, 1.275E-13, 2.485E-11, 3.780E-10, 1.700E-12, 3.000E-12, 9.939E-13, 3.128E-10, 3.428E-11, 1.588E-11, 7.810E-01, 1.454E-10, 4.237E-10, 2.246E-12, 9.297E-13, 1.093E-10, 1.000E-20, 1.000E-20, 1.000E-20, 1.000E-20, 1.000E-20, 1.000E-20, 1.000E-20, 1.000E-20, 1.000E-20, 1.000E-20, 1.000E-20, 1.000E-20, 1.000E-20, 1.000E-20, 1.000E-20, 1.000E-20, 1.000E-20, 1.000E-20, 1.000E-20, 1.000E-20, 1.875E-15, 8.941E-11, 1.031E-10,nan, 9.354E-11, 1.050E-10, 2.075E-10, 1.093E-11, 1.585E-11, 1.650E-10, 2.695E-09, 7.000E-11, 9.332E-11, 3.615E-12, 2.618E-12, 7.465E-10, 1.660E-11, 3.922E-12, 0.000E+00, 1.580E-12, 7.632E-12, 1.580E-12, 1.580E-12, 2.813E-12, 8.850E-12, 8.507E-12,nan,nan,nan,nan,nan, 4.837E-11, 3.780E-17, 1.972E-11
 1.853E+01, 7.499E+01, 2.174E+02, 3.177E-06, 3.300E-04, 1.265E-06, 1.745E-08, 1.998E-07, 1.301E-06, 2.090E-01, 2.501E+12, 2.421E-10, 4.350E-11, 9.244E-10, 5.251E-14, 2.673E-09, 1.480E-13, 3.340E-11, 4.153E-10, 1.700E-12, 3.000E-12, 1.571E-12, 2.904E-10, 3.404E-11, 1.964E-11, 7.810E-01, 1.429E-10, 4.072E-10, 2.474E-12, 6.862E-13, 9.152E-11, 1.000E-20, 1.000E-20, 1.000E-20, 1.000E-20, 1.000E-20, 1.000E-20, 1.000E-20, 1.000E-20, 1.000E-20, 1.000E-20, 1.000E-20, 1.000E-20, 1.000E-20, 1.000E-20, 1.000E-20, 1.000E-20, 1.000E-20, 1.000E-20, 1.000E-20, 1.000E-20, 2.045E-15, 1.364E-10, 1.208E-10,nan, 8.609E-11, 9.776E-11, 2.005E-10, 1.070E-11, 1.518E-11, 2.111E-10, 3.161E-09, 7.000E-11, 9.326E-11, 3.520E-12, 2.520E-12, 9.244E-10, 1.173E-11, 2.885E-12, 0.000E+00, 1.531E-12, 7.393E-12, 1.531E-12, 1.531E-12, 2.649E-12, 8.573E-12, 8.240E-12,nan,nan,nan,nan,nan, 4.350E-11, 5.969E-18, 1.941E-11
 1.914E+01, 6.813E+01, 2.181E+02, 3.214E-06, 3.300E-04, 1.569E-06, 1.519E-08, 1.811E-07, 1.273E-06, 2.090E-01, 2.265E+12, 2.455E-10, 3.863E-11, 1.105E-09, 3.756E-14, 3.311E-09, 1.711E-13, 4.260E-11, 4.484E-10, 1.700E-12, 3.000E-12, 2.396E-12, 2.695E-10, 3.395E-11, 2.371E-11, 7.810E-01, 1.405E-10, 3.914E-10, 2.817E-12, 4.998E-13, 7.693E-11, 1.000E-20, 1.000E-20, 1.000E-20, 1.000E-20, 1.000E-20, 1.000E-20, 1.000E-20, 1.000E-20, 1.000E-20, 1.000E-20, 1.000E-20, 1.000E-20, 1.000E-20, 1.000E-20, 1.000E-20, 1.000E-20, 1.000E-20, 1.000E-20, 1.000E-20, 1.000E-20, 2.225E-15, 1.860E-10, 1.383E-10,nan, 7.870E-11, 9.052E-11, 1.936E-10, 1.048E-11, 1.451E-11, 2.576E-10, 3.617E-09, 7.000E-11, 9.319E-11, 3.429E-12, 2.429E-12, 1.105E-09, 7.485E-12, 2.042E-12, 0.000E+00, 1.481E-12, 7.152E-12, 1.481E-12, 1.481E-12, 2.494E-12, 8.294E-12, 7.972E-12,nan,nan,nan,nan,nan, 3.863E-11, 9.991E-20, 1.912E-11
 1.976E+01, 6.190E+01, 2.189E+02, 3.276E-06, 3.300E-04, 1.880E-06, 1.383E-08, 1.664E-07, 1.238E-06, 2.090E-01, 2.050E+12, 2.524E-10, 3.377E-11, 1.311E-09, 2.784E-14, 3.953E-09, 2.035E-13, 5.351E-11, 4.777E-10, 1.700E-12, 3.000E-12, 4.017E-12, 2.489E-10, 3.420E-11, 2.876E-11, 7.810E-01, 1.380E-10, 3.752E-10, 3.440E-12, 3.627E-13, 6.477E-11, 1.000E-20, 1.000E-20, 1.000E-20, 1.000E-20, 1.000E-20, 1.000E-20, 1.000E-20, 1.000E-20, 1.000E-20, 1.000E-20, 1.000E-20, 1.000E-20, 1.000E-20, 1.000E-20, 1.000E-20, 1.000E-20, 1.000E-20, 1.000E-20, 1.000E-20, 1.000E-20, 2.455E-15, 2.370E-10, 1.563E-10,nan, 7.109E-11, 8.307E-11, 1.865E-10, 1.024E-11, 1.382E-11, 3.055E-10, 4.086E-09, 7.000E-11, 9.313E-11, 3.336E-12, 2.336E-12, 1.311E-09, 4.092E-12, 1.394E-12, 0.000E+00, 1.432E-12, 6.915E-12, 1.432E-12, 1.432E-12, 2.350E-12, 8.019E-12, 7.708E-12,nan,nan,nan,nan,nan, 3.377E-11, 6.314E-20, 1.885E-11
 2.038E+01, 5.623E+01, 2.197E+02, 3.358E-06, 3.300E-04, 2.154E-06, 1.293E-08, 1.498E-07, 1.197E-06, 2.090E-01, 1.856E+12, 2.635E-10, 2.990E-11, 1.532E-09, 2.222E-14, 4.484E-09, 2.636E-13, 6.538E-11, 5.017E-10, 1.700E-12, 3.000E-12, 5.989E-12, 2.306E-10, 3.526E-11, 3.539E-11, 7.810E-01, 1.358E-10, 3.590E-10, 4.425E-12, 2.635E-13, 5.457E-11, 1.000E-20, 1.000E-20, 1.000E-20, 1.000E-20, 1.000E-20, 1.000E-20, 1.000E-20, 1.000E-20, 1.000E-20, 1.000E-20, 1.000E-20, 1.000E-20, 1.000E-20, 1.000E-20, 1.000E-20, 1.000E-20, 1.000E-20, 1.000E-20, 1.000E-20, 1.000E-20, 2.737E-15, 2.994E-10, 1.753E-10,nan, 6.354E-11, 7.551E-11, 1.790E-10, 9.989E-12, 1.310E-11, 3.610E-10, 4.506E-09, 7.000E-11, 9.305E-11, 3.262E-12, 2.219E-12, 1.532E-09, 2.041E-12, 9.307E-13, 0.000E+00, 1.382E-12, 6.676E-12, 1.382E-12, 1.382E-12, 2.211E-12, 7.741E-12, 7.441E-12,nan,nan,nan,nan,nan, 2.990E-11, 3.020E-20, 1.859E-11
 2.099E+01, 5.109E+01, 2.204E+02, 3.448E-06, 3.300E-04, 2.396E-06, 1.233E-08, 1.326E-07, 1.155E-06, 2.090E-01, 1.680E+12, 2.768E-10, 2.675E-11, 1.756E-09, 1.925E-14, 4.932E-09, 3.387E-13, 7.749E-11, 5.217E-10, 1.700E-12, 3.000E-12, 8.113E-12, 2.143E-10, 3.677E-11, 4.277E-11, 7.810E-01, 1.340E-10, 3.433E-10, 5.600E-12, 1.903E-13, 4.585E-11, 1.000E-20, 1.000E-20, 1.000E-20, 1.000E-20, 1.000E-20, 1.000E-20, 1.000E-20, 1.000E-20, 1.000E-20, 1.000E-20, 1.000E-20, 1.000E-20, 1.000E-20, 1.000E-20, 1.000E-20, 1.000E-20, 1.000E-20, 1.000E-20, 1.000E-20, 1.000E-20, 3.044E-15, 3.669E-10, 1.943E-10,nan, 5.624E-11, 6.812E-11, 1.713E-10, 9.735E-12, 1.237E-11, 4.194E-10, 4.884E-09, 7.000E-11, 9.297E-11, 3.201E-12, 2.092E-12, 1.756E-09, 8.661E-13, 5.933E-13, 0.000E+00, 1.334E-12, 6.443E-12, 1.334E-12, 1.334E-12, 2.081E-12, 7.471E-12, 7.181E-12,nan,nan,nan,nan,nan, 2.675E-11, 5.936E-22, 1.834E-11
 2.163E+01, 4.642E+01, 2.212E+02, 3.544E-06, 3.300E-04, 2.714E-06, 1.232E-08, 1.212E-07, 1.099E-06, 2.090E-01, 1.521E+12, 2.958E-10, 2.425E-11, 2.011E-09, 1.794E-14, 5.267E-09, 4.461E-13, 9.108E-11, 5.390E-10, 1.700E-12, 3.000E-12, 9.751E-12, 1.977E-10, 3.900E-11, 5.213E-11, 7.810E-01, 1.315E-10, 3.267E-10, 8.559E-12, 1.356E-13, 3.835E-11, 1.000E-20, 1.000E-20, 1.000E-20, 1.000E-20, 1.000E-20, 1.000E-20, 1.000E-20, 1.000E-20, 1.000E-20, 1.000E-20, 1.000E-20, 1.000E-20, 1.000E-20, 1.000E-20, 1.000E-20, 1.000E-20, 1.000E-20, 1.000E-20, 1.000E-20, 1.000E-20, 3.429E-15, 4.381E-10, 2.143E-10,nan, 4.854E-11, 6.031E-11, 1.632E-10, 9.467E-12, 1.161E-11, 4.809E-10, 5.283E-09, 7.000E-11, 9.289E-11, 3.137E-12, 1.971E-12, 2.011E-09, 4.067E-13, 3.890E-13, 0.000E+00, 1.286E-12, 6.212E-12, 1.286E-12, 1.286E-12, 1.970E-12, 7.202E-12, 6.923E-12,nan,nan,nan,nan,nan, 2.425E-11, 5.372E-23, 1.813E-11
 2.225E+01, 4.217E+01, 2.219E+02, 3.663E-06, 3.300E-04, 3.025E-06, 1.251E-08, 1.118E-07, 1.043E-06, 2.090E-01, 1.377E+12, 3.203E-10, 2.227E-11, 2.265E-09, 1.687E-14, 5.530E-09, 5.717E-13, 1.050E-10, 5.555E-10, 1.700E-12, 3.000E-12, 1.183E-11, 1.820E-10, 4.148E-11, 6.234E-11, 7.810E-01, 1.287E-10, 3.092E-10, 1.266E-11, 9.233E-14, 3.199E-11, 1.000E-20, 1.000E-20, 1.000E-20, 1.000E-20, 1.000E-20, 1.000E-20, 1.000E-20, 1.000E-20, 1.000E-20, 1.000E-20, 1.000E-20, 1.000E-20, 1.000E-20, 1.000E-20, 1.000E-20, 1.000E-20, 1.000E-20, 1.000E-20, 1.000E-20, 1.000E-20, 3.856E-15, 5.075E-10, 2.330E-10,nan, 4.152E-11, 5.301E-11, 1.552E-10, 9.199E-12, 1.085E-11, 5.457E-10, 5.602E-09, 7.000E-11, 9.284E-11, 3.087E-12, 1.860E-12, 2.265E-09, 1.163E-13, 2.348E-13, 0.000E+00, 1.241E-12, 5.995E-12, 1.241E-12, 1.241E-12, 1.872E-12, 6.951E-12, 6.681E-12,nan,nan,nan,nan,nan, 2.227E-11, 2.971E-23, 1.795E-11
 2.288E+01, 3.831E+01, 2.227E+02, 3.821E-06, 3.300E-04, 3.342E-06, 1.298E-08, 1.048E-07, 9.839E-07, 2.090E-01, 1.247E+12, 3.538E-10, 2.095E-11, 2.531E-09, 1.605E-14, 5.707E-09, 7.298E-13, 1.202E-10, 5.720E-10, 1.700E-12, 3.000E-12, 1.467E-11, 1.668E-10, 4.445E-11, 7.429E-11, 7.810E-01, 1.256E-10, 2.896E-10, 1.860E-11, 6.293E-14, 2.693E-11, 1.000E-20, 1.000E-20, 1.000E-20, 1.000E-20, 1.000E-20, 1.000E-20, 1.000E-20, 1.000E-20, 1.000E-20, 1.000E-20, 1.000E-20, 1.000E-20, 1.000E-20, 1.000E-20, 1.000E-20, 1.000E-20, 1.000E-20, 1.000E-20, 1.000E-20, 1.000E-20, 4.366E-15, 5.780E-10, 2.508E-10,nan, 3.513E-11, 4.608E-11, 1.468E-10, 8.917E-12, 1.007E-11, 6.184E-10, 5.818E-09, 7.000E-11, 9.282E-11, 3.056E-12, 1.759E-12, 2.531E-09, 3.960E-14, 1.424E-13, 0.000E+00, 1.199E-12, 5.788E-12, 1.199E-12, 1.199E-12, 1.788E-12, 6.711E-12, 6.451E-12,nan,nan,nan,nan,nan, 2.095E-11, 5.292E-24, 1.780E-11
 2.352E+01, 3.481E+01, 2.234E+02, 3.928E-06, 3.300E-04, 3.710E-06, 1.355E-08, 9.973E-08, 9.249E-07, 2.090E-01, 1.129E+12, 4.071E-10, 1.982E-11, 2.828E-09, 1.512E-14, 5.792E-09, 9.664E-13, 1.370E-10, 5.900E-10, 1.700E-12, 3.000E-12, 1.892E-11, 1.500E-10, 4.790E-11, 8.824E-11, 7.810E-01, 1.219E-10, 2.663E-10, 2.865E-11, 3.929E-14, 2.233E-11, 1.000E-20, 1.000E-20, 1.000E-20, 1.000E-20, 1.000E-20, 1.000E-20, 1.000E-20, 1.000E-20, 1.000E-20, 1.000E-20, 1.000E-20, 1.000E-20, 1.000E-20, 1.000E-20, 1.000E-20, 1.000E-20, 1.000E-20, 1.000E-20, 1.000E-20, 1.000E-20, 4.909E-15, 6.486E-10, 2.686E-10,nan, 2.873E-11, 3.913E-11, 1.383E-10, 8.634E-12, 9.295E-12, 6.913E-10, 6.035E-09, 7.000E-11, 9.281E-11, 3.024E-12, 1.668E-12, 2.828E-09, 2.093E-14, 1.136E-13, 0.000E+00, 1.158E-12, 5.591E-12, 1.158E-12, 1.158E-12, 1.719E-12, 6.482E-12, 6.231E-12,nan,nan,nan,nan,nan, 1.982E-11, 3.837E-25, 1.768E-11
 2.413E+01, 3.162E+01, 2.241E+02, 4.026E-06, 3.300E-04, 4.103E-06, 1.416E-08, 9.537E-08, 8.683E-07, 2.090E-01, 1.023E+12, 4.810E-10, 1.881E-11, 3.147E-09, 1.413E-14, 5.811E-09, 1.291E-12, 1.541E-10, 6.100E-10, 1.701E-12, 3.000E-12, 2.462E-11, 1.333E-10, 5.157E-11, 1.033E-10, 7.810E-01, 1.182E-10, 2.407E-10, 4.021E-11, 2.053E-14, 1.804E-11, 1.000E-20, 1.000E-20, 1.000E-20, 1.000E-20, 1.000E-20, 1.000E-20, 1.000E-20, 1.000E-20, 1.000E-20, 1.000E-20, 1.000E-20, 1.000E-20, 1.000E-20, 1.000E-20, 1.000E-20, 1.000E-20, 1.000E-20, 1.000E-20, 1.000E-20, 1.000E-20, 5.477E-15, 7.114E-10, 2.846E-10,nan, 2.297E-11, 3.277E-11, 1.302E-10, 8.359E-12, 8.550E-12, 7.610E-10, 6.196E-09, 7.000E-11, 9.278E-11, 2.987E-12, 1.587E-12, 3.147E-09, 1.601E-14, 1.002E-13, 0.000E+00, 1.120E-12, 5.410E-12, 1.120E-12, 1.120E-12, 1.660E-12, 6.273E-12, 6.030E-12,nan,nan,nan,nan,nan, 1.881E-11, 7.467E-27, 1.757E-11
 2.477E+01, 2.873E+01, 2.248E+02, 4.154E-06, 3.300E-04, 4.617E-06, 1.493E-08, 9.110E-08, 8.097E-07, 2.090E-01, 9.263E+11, 6.314E-10, 1.784E-11, 3.584E-09, 1.278E-14, 5.663E-09, 1.947E-12, 1.747E-10, 6.402E-10, 1.708E-12, 3.000E-12, 3.574E-11, 1.146E-10, 5.646E-11, 1.237E-10, 7.810E-01, 1.144E-10, 2.040E-10, 5.628E-11, 1.167E-14, 1.373E-11, 1.000E-20, 1.000E-20, 1.000E-20, 1.000E-20, 1.000E-20, 1.000E-20, 1.000E-20, 1.000E-20, 1.000E-20, 1.000E-20, 1.000E-20, 1.000E-20, 1.000E-20, 1.000E-20, 1.000E-20, 1.000E-20, 1.000E-20, 1.000E-20, 1.000E-20, 1.000E-20, 6.218E-15, 7.564E-10, 2.967E-10,nan, 1.858E-11, 2.741E-11, 1.214E-10, 8.057E-12, 7.787E-12, 8.322E-10, 6.177E-09, 7.000E-11, 9.268E-11, 2.923E-12, 1.523E-12, 3.584E-09, 1.252E-14, 8.877E-14, 0.000E+00, 1.088E-12, 5.252E-12, 1.088E-12, 1.088E-12, 1.608E-12, 6.090E-12, 5.854E-12,nan,nan,nan,nan,nan, 1.784E-11, 3.590E-27, 1.749E-11
 2.546E+01, 2.610E+01, 2.257E+02, 4.246E-06, 3.300E-04, 5.022E-06, 1.558E-08, 8.782E-08, 7.732E-07, 2.090E-01, 8.388E+11, 7.952E-10, 1.711E-11, 3.938E-09, 1.176E-14, 5.464E-09, 2.702E-12, 1.909E-10, 6.695E-10, 1.719E-12, 3.000E-12, 4.805E-11, 1.004E-10, 6.077E-11, 1.408E-10, 7.810E-01, 1.115E-10, 1.760E-10, 6.959E-11, 7.691E-15, 1.100E-11, 1.000E-20, 1.000E-20, 1.000E-20, 1.000E-20, 1.000E-20, 1.000E-20, 1.000E-20, 1.000E-20, 1.000E-20, 1.000E-20, 1.000E-20, 1.000E-20, 1.000E-20, 1.000E-20, 1.000E-20, 1.000E-20, 1.000E-20, 1.000E-20, 1.000E-20, 1.000E-20, 7.330E-15, 7.884E-10, 3.011E-10,nan, 1.479E-11, 2.256E-11, 1.122E-10, 7.731E-12, 7.010E-12, 8.819E-10, 6.080E-09, 7.000E-11, 9.241E-11, 2.839E-12, 1.467E-12, 3.938E-09, 9.191E-15, 6.901E-14, 0.000E+00, 1.054E-12, 5.088E-12, 1.054E-12, 1.054E-12, 1.561E-12, 5.900E-12, 5.671E-12,nan,nan,nan,nan,nan, 1.711E-11, 1.866E-27, 1.742E-11
 2.615E+01, 2.371E+01, 2.266E+02, 4.315E-06, 3.300E-04, 5.354E-06, 1.614E-08, 8.518E-08, 7.499E-07, 2.090E-01, 7.594E+11, 9.598E-10, 1.653E-11, 4.234E-09, 1.095E-14, 5.245E-09, 3.483E-12, 2.042E-10, 6.972E-10, 1.733E-12, 3.000E-12, 6.053E-11, 8.906E-11, 6.462E-11, 1.555E-10, 7.810E-01, 1.093E-10, 1.536E-10, 8.094E-11, 6.468E-15, 9.216E-12, 1.000E-20, 1.000E-20, 1.000E-20, 1.000E-20, 1.000E-20, 1.000E-20, 1.000E-20, 1.000E-20, 1.000E-20, 1.000E-20, 1.000E-20, 1.000E-20, 1.000E-20, 1.000E-20, 1.000E-20, 1.000E-20, 1.000E-20, 1.000E-20, 1.000E-20, 1.000E-20, 8.597E-15, 8.123E-10, 3.013E-10,nan, 1.147E-11, 1.817E-11, 1.032E-10, 7.404E-12, 6.255E-12, 9.182E-10, 5.946E-09, 7.000E-11, 9.206E-11, 2.748E-12, 1.417E-12, 4.234E-09, 6.070E-15, 4.558E-14, 0.000E+00, 1.020E-12, 4.928E-12, 1.020E-12, 1.020E-12, 1.517E-12, 5.714E-12, 5.492E-12,nan,nan,nan,nan,nan, 1.653E-11, 1.352E-27, 1.735E-11
 2.678E+01, 2.154E+01, 2.275E+02, 4.378E-06, 3.300E-04, 5.656E-06, 1.664E-08, 8.279E-08, 7.287E-07, 2.090E-01, 6.873E+11, 1.109E-09, 1.600E-11, 4.503E-09, 1.021E-14, 5.047E-09, 4.191E-12, 2.162E-10, 7.223E-10, 1.746E-12, 3.000E-12, 7.187E-11, 7.876E-11, 6.811E-11, 1.688E-10, 7.810E-01, 1.073E-10, 1.332E-10, 9.124E-11, 5.357E-15, 7.592E-12, 1.000E-20, 1.000E-20, 1.000E-20, 1.000E-20, 1.000E-20, 1.000E-20, 1.000E-20, 1.000E-20, 1.000E-20, 1.000E-20, 1.000E-20, 1.000E-20, 1.000E-20, 1.000E-20, 1.000E-20, 1.000E-20, 1.000E-20, 1.000E-20, 1.000E-20, 1.000E-20, 9.747E-15, 8.340E-10, 3.014E-10,nan, 8.463E-12, 1.418E-11, 9.492E-11, 7.108E-12, 5.569E-12, 9.512E-10, 5.823E-09, 7.000E-11, 9.174E-11, 2.665E-12, 1.372E-12, 4.503E-09, 3.234E-15, 2.428E-14, 0.000E+00, 9.901E-13, 4.782E-12, 9.901E-13, 9.901E-13, 1.478E-12, 5.544E-12, 5.330E-12,nan,nan,nan,nan,nan, 1.600E-11, 8.854E-28, 1.730E-11
 2.735E+01, 1.957E+01, 2.282E+02, 4.435E-06, 3.300E-04, 5.930E-06, 1.710E-08, 8.062E-08, 7.095E-07, 2.090E-01, 6.217E+11, 1.245E-09, 1.552E-11, 4.748E-09, 9.541E-15, 4.866E-09, 4.836E-12, 2.272E-10, 7.452E-10, 1.757E-12, 3.000E-12, 8.217E-11, 6.939E-11, 7.129E-11, 1.809E-10, 7.810E-01, 1.055E-10, 1.147E-10, 1.006E-10, 4.348E-15, 6.117E-12, 1.000E-20, 1.000E-20, 1.000E-20, 1.000E-20, 1.000E-20, 1.000E-20, 1.000E-20, 1.000E-20, 1.000E-20, 1.000E-20, 1.000E-20, 1.000E-20, 1.000E-20, 1.000E-20, 1.000E-20, 1.000E-20, 1.000E-20, 1.000E-20, 1.000E-20, 1.000E-20, 1.079E-14, 8.537E-10, 3.016E-10,nan, 5.726E-12, 1.056E-11, 8.743E-11, 6.839E-12, 4.946E-12, 9.811E-10, 5.712E-09, 7.000E-11, 9.145E-11, 2.589E-12, 1.330E-12, 4.748E-09, 6.580E-16, 4.941E-15, 0.000E+00, 9.626E-13, 4.649E-12, 9.626E-13, 9.626E-13, 1.442E-12, 5.390E-12, 5.182E-12,nan,nan,nan,nan,nan, 1.552E-11, 4.613E-28, 1.724E-11
 2.805E+01, 1.778E+01, 2.296E+02, 4.505E-06, 3.300E-04, 6.219E-06, 1.783E-08, 7.720E-08, 6.886E-07, 2.090E-01, 5.621E+11, 1.537E-09, 1.496E-11, 5.106E-09, 8.708E-15, 4.583E-09, 6.469E-12, 2.416E-10, 8.056E-10, 1.791E-12, 3.000E-12, 1.068E-10, 5.880E-11, 7.543E-11, 1.974E-10, 7.810E-01, 1.033E-10, 9.623E-11, 1.102E-10, 3.746E-15, 4.951E-12, 1.000E-20, 1.000E-20, 1.000E-20, 1.000E-20, 1.000E-20, 1.000E-20, 1.000E-20, 1.000E-20, 1.000E-20, 1.000E-20, 1.000E-20, 1.000E-20, 1.000E-20, 1.000E-20, 1.000E-20, 1.000E-20, 1.000E-20, 1.000E-20, 1.000E-20, 1.000E-20, 1.270E-14, 8.333E-10, 2.832E-10,nan, 4.105E-12, 8.057E-12, 7.923E-11, 6.518E-12, 4.325E-12, 9.440E-10, 5.449E-09, 6.979E-11, 9.072E-11, 2.489E-12, 1.294E-12, 5.106E-09, 0.000E+00, 0.000E+00, 0.000E+00, 9.278E-13, 4.481E-12, 9.278E-13, 9.278E-13, 1.398E-12, 5.196E-12, 4.994E-12,nan,nan,nan,nan,nan, 1.496E-11, 3.523E-28, 1.718E-11
 2.874E+01, 1.616E+01, 2.310E+02, 4.574E-06, 3.300E-04, 6.496E-06, 1.860E-08, 7.358E-08, 6.683E-07, 2.090E-01, 5.079E+11, 1.861E-09, 1.441E-11, 5.480E-09, 7.871E-15, 4.284E-09, 8.326E-12, 2.563E-10, 8.746E-10, 1.829E-12, 3.000E-12, 1.345E-10, 4.843E-11, 7.965E-11, 2.143E-10, 7.810E-01, 1.012E-10, 7.882E-11, 1.194E-10, 3.311E-15, 3.953E-12, 1.000E-20, 1.000E-20, 1.000E-20, 1.000E-20, 1.000E-20, 1.000E-20, 1.000E-20, 1.000E-20, 1.000E-20, 1.000E-20, 1.000E-20, 1.000E-20, 1.000E-20, 1.000E-20, 1.000E-20, 1.000E-20, 1.000E-20, 1.000E-20, 1.000E-20, 1.000E-20, 1.478E-14, 8.012E-10, 2.599E-10,nan, 2.939E-12, 6.063E-12, 7.128E-11, 6.199E-12, 3.740E-12, 8.874E-10, 5.151E-09, 6.953E-11, 8.989E-11, 2.386E-12, 1.260E-12, 5.480E-09, 0.000E+00, 0.000E+00, 0.000E+00, 8.927E-13, 4.311E-12, 8.927E-13, 8.927E-13, 1.354E-12, 4.999E-12, 4.805E-12,nan,nan,nan,nan,nan, 1.441E-11, 3.515E-28, 1.712E-11
 2.937E+01, 1.468E+01, 2.324E+02, 4.637E-06, 3.300E-04, 6.748E-06, 1.930E-08, 7.029E-08, 6.499E-07, 2.090E-01, 4.586E+11, 2.155E-09, 1.390E-11, 5.820E-09, 7.110E-15, 4.012E-09, 1.001E-11, 2.697E-10, 9.373E-10, 1.865E-12, 3.000E-12, 1.598E-10, 3.902E-11, 8.347E-11, 2.296E-10, 7.810E-01, 9.924E-11, 6.301E-11, 1.277E-10, 2.915E-15, 3.046E-12, 1.000E-20, 1.000E-20, 1.000E-20, 1.000E-20, 1.000E-20, 1.000E-20, 1.000E-20, 1.000E-20, 1.000E-20, 1.000E-20, 1.000E-20, 1.000E-20, 1.000E-20, 1.000E-20, 1.000E-20, 1.000E-20, 1.000E-20, 1.000E-20, 1.000E-20, 1.000E-20, 1.666E-14, 7.720E-10, 2.387E-10,nan, 1.879E-12, 4.252E-12, 6.405E-11, 5.910E-12, 3.209E-12, 8.359E-10, 4.881E-09, 6.930E-11, 8.913E-11, 2.293E-12, 1.230E-12, 5.820E-09, 0.000E+00, 0.000E+00, 0.000E+00, 8.608E-13, 4.157E-12, 8.608E-13, 8.608E-13, 1.313E-12, 4.821E-12, 4.634E-12,nan,nan,nan,nan,nan, 1.390E-11, 3.508E-28, 1.707E-11
 2.994E+01, 1.334E+01, 2.336E+02, 4.694E-06, 3.300E-04, 6.977E-06, 1.994E-08, 6.730E-08, 6.332E-07, 2.090E-01, 4.139E+11, 2.423E-09, 1.345E-11, 6.129E-09, 6.420E-15, 3.765E-09, 1.155E-11, 2.818E-10, 9.943E-10, 1.897E-12, 3.000E-12, 1.827E-10, 3.046E-11, 8.695E-11, 2.436E-10, 7.810E-01, 9.748E-11, 4.865E-11, 1.352E-10, 2.556E-15, 2.223E-12, 1.000E-20, 1.000E-20, 1.000E-20, 1.000E-20, 1.000E-20, 1.000E-20, 1.000E-20, 1.000E-20, 1.000E-20, 1.000E-20, 1.000E-20, 1.000E-20, 1.000E-20, 1.000E-20, 1.000E-20, 1.000E-20, 1.000E-20, 1.000E-20, 1.000E-20, 1.000E-20, 1.838E-14, 7.455E-10, 2.194E-10,nan, 9.171E-13, 2.607E-12, 5.749E-11, 5.646E-12, 2.727E-12, 7.892E-10, 4.636E-09, 6.908E-11, 8.844E-11, 2.209E-12, 1.203E-12, 6.129E-09, 0.000E+00, 0.000E+00, 0.000E+00, 8.318E-13, 4.017E-12, 8.318E-13, 8.318E-13, 1.277E-12, 4.658E-12, 4.478E-12,nan,nan,nan,nan,nan, 1.345E-11, 3.501E-28, 1.702E-11
 3.070E+01, 1.212E+01, 2.352E+02, 4.742E-06, 3.300E-04, 7.306E-06, 2.074E-08, 6.216E-08, 6.114E-07, 2.090E-01, 3.740E+11, 3.029E-09, 1.304E-11, 6.452E-09, 5.607E-15, 3.420E-09, 1.790E-11, 2.933E-10, 1.078E-09, 2.000E-12, 3.000E-12, 2.328E-10, 2.473E-11, 9.111E-11, 2.592E-10, 7.810E-01, 9.538E-11, 3.905E-11, 1.360E-10, 2.336E-15, 1.781E-12, 1.000E-20, 1.000E-20, 1.000E-20, 1.000E-20, 1.000E-20, 1.000E-20, 1.000E-20, 1.000E-20, 1.000E-20, 1.000E-20, 1.000E-20, 1.000E-20, 1.000E-20, 1.000E-20, 1.000E-20, 1.000E-20, 1.000E-20, 1.000E-20, 1.000E-20, 1.000E-20, 2.165E-14, 6.637E-10, 1.890E-10,nan, 6.256E-13, 1.917E-12, 5.075E-11, 5.322E-12, 2.313E-12, 6.815E-10, 4.231E-09, 6.852E-11, 8.672E-11, 2.172E-12, 1.164E-12, 6.452E-09, 0.000E+00, 0.000E+00, 0.000E+00, 7.945E-13, 3.837E-12, 7.945E-13, 7.945E-13, 1.221E-12, 4.449E-12, 4.277E-12,nan,nan,nan,nan,nan, 1.304E-11, 3.489E-28, 1.694E-11
 3.141E+01, 1.101E+01, 2.367E+02, 4.784E-06, 3.300E-04, 7.619E-06, 2.150E-08, 5.720E-08, 5.908E-07, 2.090E-01, 3.378E+11, 3.620E-09, 1.267E-11, 6.750E-09, 4.849E-15, 3.093E-09, 2.424E-11, 3.038E-10, 1.157E-09, 2.102E-12, 3.000E-12, 2.817E-10, 1.976E-11, 9.500E-11, 2.737E-10, 7.810E-01, 9.342E-11, 3.072E-11, 1.360E-10, 2.149E-15, 1.414E-12, 1.000E-20, 1.000E-20, 1.000E-20, 1.000E-20, 1.000E-20, 1.000E-20, 1.000E-20, 1.000E-20, 1.000E-20, 1.000E-20, 1.000E-20, 1.000E-20, 1.000E-20, 1.000E-20, 1.000E-20, 1.000E-20, 1.000E-20, 1.000E-20, 1.000E-20, 1.000E-20, 2.481E-14, 5.829E-10, 1.599E-10,nan, 4.267E-13, 1.381E-12, 4.454E-11, 5.017E-12, 1.940E-12, 5.762E-10, 3.843E-09, 6.796E-11, 8.504E-11, 2.144E-12, 1.127E-12, 6.750E-09, 0.000E+00, 0.000E+00, 0.000E+00, 7.593E-13, 3.667E-12, 7.593E-13, 7.593E-13, 1.167E-12, 4.252E-12, 4.088E-12,nan,nan,nan,nan,nan, 1.267E-11, 3.478E-28, 1.686E-11
 3.205E+01, 1.000E+01, 2.380E+02, 4.823E-06, 3.300E-04, 7.903E-06, 2.218E-08, 5.271E-08, 5.722E-07, 2.090E-01, 3.049E+11, 4.157E-09, 1.233E-11, 7.022E-09, 4.159E-15, 2.796E-09, 3.000E-11, 3.134E-10, 1.230E-09, 2.195E-12, 3.000E-12, 3.261E-10, 1.524E-11, 9.854E-11, 2.868E-10, 7.810E-01, 9.164E-11, 2.316E-11, 1.360E-10, 1.978E-15, 1.081E-12, 1.000E-20, 1.000E-20, 1.000E-20, 1.000E-20, 1.000E-20, 1.000E-20, 1.000E-20, 1.000E-20, 1.000E-20, 1.000E-20, 1.000E-20, 1.000E-20, 1.000E-20, 1.000E-20, 1.000E-20, 1.000E-20, 1.000E-20, 1.000E-20, 1.000E-20, 1.000E-20, 2.769E-14, 5.095E-10, 1.335E-10,nan, 2.460E-13, 8.938E-13, 3.890E-11, 4.740E-12, 1.601E-12, 4.805E-10, 3.490E-09, 6.746E-11, 8.351E-11, 2.118E-12, 1.093E-12, 7.022E-09, 0.000E+00, 0.000E+00, 0.000E+00, 7.274E-13, 3.513E-12, 7.274E-13, 7.274E-13, 1.119E-12, 4.073E-12, 3.916E-12,nan,nan,nan,nan,nan, 1.233E-11, 3.467E-28, 1.680E-11
 3.269E+01, 9.085E+00, 2.395E+02, 4.858E-06, 3.300E-04, 8.162E-06, 2.283E-08, 4.861E-08, 5.547E-07, 2.090E-01, 2.751E+11, 4.732E-09, 1.206E-11, 7.215E-09, 3.536E-15, 2.517E-09, 3.783E-11, 3.222E-10, 1.302E-09, 2.303E-12, 3.000E-12, 3.687E-10, 1.150E-11, 1.018E-10, 2.979E-10, 7.810E-01, 8.995E-11, 1.708E-11, 1.342E-10, 1.834E-15, 8.098E-13, 1.000E-20, 1.000E-20, 1.000E-20, 1.000E-20, 1.000E-20, 1.000E-20, 1.000E-20, 1.000E-20, 1.000E-20, 1.000E-20, 1.000E-20, 1.000E-20, 1.000E-20, 1.000E-20, 1.000E-20, 1.000E-20, 1.000E-20, 1.000E-20, 1.000E-20, 1.000E-20, 3.086E-14, 4.386E-10, 1.098E-10,nan, 1.121E-13, 5.203E-13, 3.383E-11, 4.476E-12, 1.310E-12, 3.940E-10, 3.147E-09, 6.698E-11, 8.153E-11, 2.096E-12, 1.061E-12, 7.215E-09, 0.000E+00, 0.000E+00, 0.000E+00, 6.966E-13, 3.364E-12, 6.966E-13, 6.966E-13, 1.070E-12, 3.901E-12, 3.750E-12,nan,nan,nan,nan,nan, 1.206E-11, 3.457E-28, 1.673E-11
 3.344E+01, 8.254E+00, 2.413E+02, 4.888E-06, 3.300E-04, 8.401E-06, 2.349E-08, 4.485E-08, 5.372E-07, 2.090E-01, 2.484E+11, 5.512E-09, 1.191E-11, 7.236E-09, 2.980E-15, 2.233E-09, 5.262E-11, 3.305E-10, 1.389E-09, 2.471E-12, 3.000E-12, 4.138E-10, 9.169E-12, 1.048E-10, 3.054E-10, 7.810E-01, 8.822E-11, 1.393E-11, 1.273E-10, 1.732E-15, 6.582E-13, 1.000E-20, 1.000E-20, 1.000E-20, 1.000E-20, 1.000E-20, 1.000E-20, 1.000E-20, 1.000E-20, 1.000E-20, 1.000E-20, 1.000E-20, 1.000E-20, 1.000E-20, 1.000E-20, 1.000E-20, 1.000E-20, 1.000E-20, 1.000E-20, 1.000E-20, 1.000E-20, 3.541E-14, 3.614E-10, 8.920E-11,nan, 8.001E-14, 3.849E-13, 2.939E-11, 4.199E-12, 1.092E-12, 3.168E-10, 2.768E-09, 6.649E-11, 7.800E-11, 2.081E-12, 1.024E-12, 7.236E-09, 0.000E+00, 0.000E+00, 0.000E+00, 6.634E-13, 3.204E-12, 6.634E-13, 6.634E-13, 1.014E-12, 3.715E-12, 3.571E-12,nan,nan,nan,nan,nan, 1.191E-11, 3.445E-28, 1.666E-11
 3.474E+01, 6.813E+00, 2.445E+02, 4.939E-06, 3.300E-04, 8.816E-06, 2.464E-08, 3.833E-08, 5.070E-07, 2.090E-01, 2.021E+11, 6.865E-09, 1.165E-11, 7.273E-09, 2.016E-15, 1.740E-09, 7.828E-11, 3.450E-10, 1.539E-09, 2.761E-12, 3.000E-12, 4.921E-10, 5.131E-12, 1.099E-10, 3.184E-10, 7.810E-01, 8.521E-11, 8.462E-12, 1.154E-10, 1.556E-15, 3.954E-13, 1.000E-20, 1.000E-20, 1.000E-20, 1.000E-20, 1.000E-20, 1.000E-20, 1.000E-20, 1.000E-20, 1.000E-20, 1.000E-20, 1.000E-20, 1.000E-20, 1.000E-20, 1.000E-20, 1.000E-20, 1.000E-20, 1.000E-20, 1.000E-20, 1.000E-20, 1.000E-20, 4.329E-14, 2.277E-10, 5.351E-11,nan, 2.435E-14, 1.501E-13, 2.169E-11, 3.720E-12, 7.138E-13, 1.828E-10, 2.111E-09, 6.564E-11, 7.186E-11, 2.055E-12, 9.617E-13, 7.273E-09, 0.000E+00, 0.000E+00, 0.000E+00, 6.057E-13, 2.926E-12, 6.057E-13, 6.057E-13, 9.152E-13, 3.393E-12, 3.261E-12,nan,nan,nan,nan,nan, 1.165E-11, 3.424E-28, 1.654E-11
 3.688E+01, 5.109E+00, 2.498E+02, 4.988E-06, 3.300E-04, 8.750E-06, 2.659E-08, 2.814E-08, 4.591E-07, 2.090E-01, 1.485E+11, 8.791E-09, 1.198E-11, 6.514E-09, 1.149E-15, 1.160E-09, 1.484E-10, 3.660E-10, 1.660E-09, 3.473E-12, 3.000E-12, 5.823E-10, 2.276E-12, 1.125E-10, 3.082E-10, 7.810E-01, 8.130E-11, 4.108E-12, 9.206E-11, 1.370E-15, 1.859E-13, 1.000E-20, 1.000E-20, 1.000E-20, 1.000E-20, 1.000E-20, 1.000E-20, 1.000E-20, 1.000E-20, 1.000E-20, 1.000E-20, 1.000E-20, 1.000E-20, 1.000E-20, 1.000E-20, 1.000E-20, 1.000E-20, 1.000E-20, 1.000E-20, 1.000E-20, 1.000E-20, 6.031E-14, 9.405E-11, 2.241E-11,nan, 4.041E-15, 3.741E-14, 1.336E-11, 3.068E-12, 3.706E-13, 7.056E-11, 1.255E-09, 6.512E-11, 6.166E-11, 1.952E-12, 8.552E-13, 6.514E-09, 0.000E+00, 0.000E+00, 0.000E+00, 5.189E-13, 2.506E-12, 5.189E-13, 5.189E-13, 7.843E-13, 2.907E-12, 2.794E-12,nan,nan,nan,nan,nan, 1.198E-11, 3.397E-28, 1.639E-11
 3.750E+01, 4.642E+00, 2.513E+02, 5.000E-06, 3.300E-04, 8.700E-06, 2.716E-08, 2.520E-08, 4.453E-07, 2.090E-01, 1.339E+11, 9.338E-09, 1.210E-11, 6.261E-09, 9.268E-16, 1.001E-09, 1.699E-10, 3.720E-10, 1.690E-09, 3.689E-12, 3.000E-12, 6.069E-10, 1.602E-12, 1.130E-10, 3.040E-10, 7.810E-01, 8.020E-11, 3.034E-12, 8.512E-11, 1.320E-15, 1.342E-13, 1.000E-20, 1.000E-20, 1.000E-20, 1.000E-20, 1.000E-20, 1.000E-20, 1.000E-20, 1.000E-20, 1.000E-20, 1.000E-20, 1.000E-20, 1.000E-20, 1.000E-20, 1.000E-20, 1.000E-20, 1.000E-20, 1.000E-20, 1.000E-20, 1.000E-20, 1.000E-20, 6.541E-14, 5.879E-11, 1.451E-11,nan, 1.060E-15, 1.588E-14, 1.112E-11, 2.885E-12, 2.823E-13, 4.239E-11, 1.016E-09, 6.500E-11, 5.869E-11, 1.920E-12, 8.241E-13, 6.261E-09, 0.000E+00, 0.000E+00, 0.000E+00, 4.941E-13, 2.386E-12, 4.941E-13, 4.941E-13, 7.475E-13, 2.767E-12, 2.660E-12,nan,nan,nan,nan,nan, 1.210E-11, 3.390E-28, 1.635E-11
 4.046E+01, 3.162E+00, 2.586E+02, 5.136E-06, 3.300E-04, 7.249E-06, 2.994E-08, 1.631E-08, 3.820E-07, 2.090E-01, 8.872E+10, 1.133E-08, 1.413E-11, 3.666E-09, 2.563E-16, 4.818E-10, 3.071E-10, 3.977E-10, 1.744E-09, 5.132E-12, 3.000E-12, 5.655E-10, 6.280E-13, 9.872E-11, 2.327E-10, 7.810E-01, 7.570E-11, 1.238E-12, 6.151E-11, 1.162E-15, 4.818E-14, 1.000E-20, 1.000E-20, 1.000E-20, 1.000E-20, 1.000E-20, 1.000E-20, 1.000E-20, 1.000E-20, 1.000E-20, 1.000E-20, 1.000E-20, 1.000E-20, 1.000E-20, 1.000E-20, 1.000E-20, 1.000E-20, 1.000E-20, 1.000E-20, 1.000E-20, 1.000E-20, 8.942E-14, 7.451E-12, 2.887E-12,nan, 4.070E-17, 1.655E-15, 5.546E-12, 2.240E-12, 1.107E-13, 6.384E-12, 3.380E-10, 6.500E-11, 4.735E-11, 1.776E-12, 6.803E-13, 3.691E-09, 0.000E+00, 0.000E+00, 0.000E+00, 4.029E-13, 1.946E-12, 4.029E-13, 4.029E-13, 6.398E-13, 2.257E-12, 2.169E-12,nan,nan,nan,nan,nan, 1.413E-11, 3.356E-28, 1.623E-11
 4.196E+01, 2.610E+00, 2.624E+02, 5.256E-06, 3.300E-04, 6.259E-06, 3.100E-08, 1.284E-08, 3.504E-07, 2.090E-01, 7.222E+10, 1.175E-08, 1.587E-11, 2.568E-09, 1.322E-16, 3.131E-10, 3.797E-10, 4.067E-10, 1.756E-09, 5.865E-12, 3.000E-12, 4.682E-10, 4.863E-13, 8.461E-11, 1.823E-10, 7.810E-01, 7.372E-11, 9.671E-13, 5.431E-11, 1.102E-15, 2.933E-14, 1.000E-20, 1.000E-20, 1.000E-20, 1.000E-20, 1.000E-20, 1.000E-20, 1.000E-20, 1.000E-20, 1.000E-20, 1.000E-20, 1.000E-20, 1.000E-20, 1.000E-20, 1.000E-20, 1.000E-20, 1.000E-20, 1.000E-20, 1.000E-20, 1.000E-20, 1.000E-20, 9.836E-14, 2.951E-12, 1.418E-12,nan, 1.456E-17, 7.200E-16, 4.005E-12, 1.995E-12, 7.298E-14, 2.745E-12, 1.818E-10, 6.500E-11, 4.407E-11, 1.698E-12, 6.155E-13, 2.575E-09, 0.000E+00, 0.000E+00, 0.000E+00, 3.686E-13, 1.780E-12, 3.686E-13, 3.686E-13, 6.042E-13, 2.065E-12, 1.984E-12,nan,nan,nan,nan,nan, 1.587E-11, 3.344E-28, 1.620E-11
 4.348E+01, 2.154E+00, 2.661E+02, 5.359E-06, 3.300E-04, 5.350E-06, 3.204E-08, 1.004E-08, 3.186E-07, 2.090E-01, 5.878E+10, 1.182E-08, 1.827E-11, 1.769E-09, 6.463E-17, 2.005E-10, 4.473E-10, 4.143E-10, 1.772E-09, 6.413E-12, 3.000E-12, 3.614E-10, 3.953E-13, 6.719E-11, 1.378E-10, 7.810E-01, 7.182E-11, 7.900E-13, 4.883E-11, 1.047E-15, 1.774E-14, 1.000E-20, 1.000E-20, 1.000E-20, 1.000E-20, 1.000E-20, 1.000E-20, 1.000E-20, 1.000E-20, 1.000E-20, 1.000E-20, 1.000E-20, 1.000E-20, 1.000E-20, 1.000E-20, 1.000E-20, 1.000E-20, 1.000E-20, 1.000E-20, 1.000E-20, 1.000E-20, 1.021E-13, 8.637E-13, 6.257E-13,nan, 3.294E-18, 2.616E-16, 2.877E-12, 1.786E-12, 4.758E-14, 9.516E-13, 8.966E-11, 6.500E-11, 4.002E-11, 1.623E-12, 5.613E-13, 1.769E-09, 0.000E+00, 0.000E+00, 0.000E+00, 3.381E-13, 1.632E-12, 3.381E-13, 3.381E-13, 5.719E-13, 1.894E-12, 1.819E-12,nan,nan,nan,nan,nan, 1.827E-11, 3.328E-28, 1.617E-11
 4.577E+01, 1.616E+00, 2.715E+02, 5.465E-06, 3.300E-04, 4.193E-06, 3.362E-08, 6.945E-09, 2.723E-07, 2.090E-01, 4.318E+10, 1.148E-08, 2.306E-11, 1.001E-09, 2.464E-17, 1.075E-10, 5.319E-10, 4.219E-10, 1.793E-09, 6.921E-12, 3.000E-12, 2.218E-10, 3.174E-13, 3.840E-11, 8.259E-11, 7.810E-01, 6.908E-11, 6.348E-13, 4.243E-11, 9.776E-16, 9.223E-15, 1.000E-20, 1.000E-20, 1.000E-20, 1.000E-20, 1.000E-20, 1.000E-20, 1.000E-20, 1.000E-20, 1.000E-20, 1.000E-20, 1.000E-20, 1.000E-20, 1.000E-20, 1.000E-20, 1.000E-20, 1.000E-20, 1.000E-20, 1.000E-20, 1.000E-20, 1.000E-20, 9.899E-14, 1.173E-13, 1.739E-13,nan, 3.892E-19, 5.832E-17, 1.747E-12, 1.531E-12, 2.506E-14, 1.634E-13, 2.704E-11, 6.431E-11, 3.308E-11, 1.510E-12, 4.974E-13, 1.001E-09, 0.000E+00, 0.000E+00, 0.000E+00, 3.040E-13, 1.468E-12, 3.040E-13, 3.040E-13, 5.248E-13, 1.703E-12, 1.636E-12,nan,nan,nan,nan,nan, 2.306E-11, 3.304E-28, 1.610E-11
 4.727E+01, 1.334E+00, 2.747E+02, 5.495E-06, 3.300E-04, 3.593E-06, 3.470E-08, 5.538E-09, 2.429E-07, 2.090E-01, 3.521E+10, 1.106E-08, 2.708E-11, 7.108E-10, 1.456E-17, 8.107E-11, 5.727E-10, 4.237E-10, 1.799E-09, 7.059E-12, 3.000E-12, 1.648E-10, 2.850E-13, 1.925E-11, 5.366E-11, 7.810E-01, 6.728E-11, 5.700E-13, 3.859E-11, 9.398E-16, 6.925E-15, 1.000E-20, 1.000E-20, 1.000E-20, 1.000E-20, 1.000E-20, 1.000E-20, 1.000E-20, 1.000E-20, 1.000E-20, 1.000E-20, 1.000E-20, 1.000E-20, 1.000E-20, 1.000E-20, 1.000E-20, 1.000E-20, 1.000E-20, 1.000E-20, 1.000E-20, 1.000E-20, 9.156E-14, 3.205E-14, 7.515E-14,nan, 1.001E-19, 2.153E-17, 1.257E-12, 1.396E-12, 1.641E-14, 5.395E-14, 1.187E-11, 6.296E-11, 2.812E-11, 1.432E-12, 4.650E-13, 7.108E-10, 0.000E+00, 0.000E+00, 0.000E+00, 2.920E-13, 1.411E-12, 2.920E-13, 2.920E-13, 4.914E-13, 1.636E-12, 1.573E-12,nan,nan,nan,nan,nan, 2.708E-11, 3.292E-28, 1.605E-11
 4.964E+01, 1.000E+00, 2.756E+02, 5.500E-06, 3.300E-04, 2.901E-06, 3.622E-08, 3.519E-09, 2.008E-07, 2.090E-01, 2.630E+10, 1.040E-08, 3.446E-11, 4.752E-10, 7.978E-18, 5.861E-11, 6.611E-10, 4.249E-10, 1.800E-09, 7.131E-12, 3.000E-12, 1.115E-10, 2.518E-13, 6.719E-12, 2.875E-11, 7.810E-01, 6.469E-11, 5.035E-13, 3.526E-11, 8.904E-16, 5.005E-15, 1.000E-20, 1.000E-20, 1.000E-20, 1.000E-20, 1.000E-20, 1.000E-20, 1.000E-20, 1.000E-20, 1.000E-20, 1.000E-20, 1.000E-20, 1.000E-20, 1.000E-20, 1.000E-20, 1.000E-20, 1.000E-20, 1.000E-20, 1.000E-20, 1.000E-20, 1.000E-20, 7.318E-14, 4.317E-15, 2.294E-14,nan, 1.289E-20, 5.420E-18, 8.283E-13, 1.252E-12, 9.550E-15, 1.099E-14, 3.766E-12, 5.783E-11, 2.141E-11, 1.317E-12, 4.258E-13, 4.752E-10, 0.000E+00, 0.000E+00, 0.000E+00, 2.848E-13, 1.375E-12, 2.848E-13, 2.848E-13, 4.380E-13, 1.595E-12, 1.533E-12,nan,nan,nan,nan,nan, 3.446E-11, 3.273E-28, 1.595E-11
 5.309E+01, 6.813E-01, 2.717E+02, 5.407E-06, 3.300E-04, 2.181E-06, 3.817E-08, 2.463E-09, 1.715E-07, 2.090E-01, 1.811E+10, 1.018E-08, 4.197E-11, 3.787E-10, 5.689E-18, 4.870E-11, 8.760E-10, 4.250E-10, 1.800E-09, 7.146E-12, 3.000E-12, 8.724E-11, 2.352E-13, 3.182E-12, 1.893E-11, 7.810E-01, 6.294E-11, 4.705E-13, 3.567E-11, 8.583E-16, 4.152E-15, 1.000E-20, 1.000E-20, 1.000E-20, 1.000E-20, 1.000E-20, 1.000E-20, 1.000E-20, 1.000E-20, 1.000E-20, 1.000E-20, 1.000E-20, 1.000E-20, 1.000E-20, 1.000E-20, 1.000E-20, 1.000E-20, 1.000E-20, 1.000E-20, 1.000E-20, 1.000E-20, 4.413E-14, 7.510E-16, 7.906E-15,nan, 2.311E-21, 1.653E-18, 5.330E-13, 1.111E-12, 5.483E-15, 2.812E-15, 1.430E-12, 5.429E-11, 1.712E-11, 1.164E-12, 3.786E-13, 3.787E-10, 0.000E+00, 0.000E+00, 0.000E+00, 2.740E-13, 1.323E-12, 2.740E-13, 2.740E-13, 3.847E-13, 1.534E-12, 1.475E-12,nan,nan,nan,nan,nan, 4.197E-11, 3.239E-28, 1.582E-11
 5.771E+01, 3.831E-01, 2.627E+02, 5.160E-06, 3.300E-04, 1.529E-06, 4.330E-08, 1.673E-09, 1.534E-07, 2.090E-01, 1.050E+10, 1.010E-08, 4.894E-11, 3.097E-10, 4.181E-18, 4.119E-11, 1.412E-09, 4.250E-10, 1.800E-09, 7.150E-12, 3.000E-12, 6.936E-11, 2.215E-13, 1.484E-12, 1.256E-11, 7.810E-01, 6.107E-11, 4.430E-13, 4.505E-11, 8.251E-16, 3.513E-15, 1.000E-20, 1.000E-20, 1.000E-20, 1.000E-20, 1.000E-20, 1.000E-20, 1.000E-20, 1.000E-20, 1.000E-20, 1.000E-20, 1.000E-20, 1.000E-20, 1.000E-20, 1.000E-20, 1.000E-20, 1.000E-20, 1.000E-20, 1.000E-20, 1.000E-20, 1.000E-20, 2.802E-14, 3.371E-17, 1.337E-15,nan, 1.071E-22, 2.096E-19, 2.759E-13, 9.434E-13, 2.331E-15, 2.264E-16, 3.720E-13, 5.120E-11, 1.221E-11, 9.807E-13, 3.226E-13, 3.097E-10, 0.000E+00, 0.000E+00, 0.000E+00, 2.666E-13, 1.287E-12, 2.666E-13, 2.666E-13, 3.327E-13, 1.493E-12, 1.435E-12,nan,nan,nan,nan,nan, 4.894E-11, 2.802E-28, 1.567E-11
 6.213E+01, 2.154E-01, 2.499E+02, 4.745E-06, 3.300E-04, 1.087E-06, 5.407E-08, 1.228E-09, 1.500E-07, 2.090E-01, 6.192E+09, 1.019E-08, 5.133E-11, 2.714E-10, 3.379E-18, 3.691E-11, 2.602E-09, 4.250E-10, 1.800E-09, 7.150E-12, 3.000E-12, 5.968E-11, 2.126E-13, 8.952E-13, 9.581E-12, 7.810E-01, 5.960E-11, 4.256E-13, 8.376E-11, 7.985E-16, 3.152E-15, 1.000E-20, 1.000E-20, 1.000E-20, 1.000E-20, 1.000E-20, 1.000E-20, 1.000E-20, 1.000E-20, 1.000E-20, 1.000E-20, 1.000E-20, 1.000E-20, 1.000E-20, 1.000E-20, 1.000E-20, 1.000E-20, 1.000E-20, 1.000E-20, 1.000E-20, 1.000E-20, 2.802E-14, 1.742E-18, 2.440E-16,nan, 2.999E-24, 2.134E-20, 1.396E-13, 8.005E-13, 9.455E-16, 4.633E-18, 1.292E-13, 4.847E-11, 6.341E-12, 8.328E-13, 2.770E-13, 2.714E-10, 0.000E+00, 0.000E+00, 0.000E+00, 2.666E-13, 1.287E-12, 2.666E-13, 2.666E-13, 2.945E-13, 1.493E-12, 1.435E-12,nan,nan,nan,nan,nan, 5.133E-11, 2.212E-28, 1.553E-11
 6.771E+01, 1.000E-01, 2.282E+02, 4.021E-06, 3.300E-04, 5.833E-07, 9.309E-08, 8.793E-10, 1.500E-07, 2.090E-01, 3.129E+09, 1.095E-08, 4.682E-11, 2.411E-10, 2.767E-18, 3.371E-11, 5.609E-09, 4.250E-10, 1.800E-09, 7.150E-12, 3.000E-12, 5.260E-11, 2.053E-13, 5.928E-13, 7.674E-12, 7.810E-01, 5.810E-11, 4.105E-13, 2.620E-10, 7.705E-16, 2.877E-15, 1.000E-20, 1.000E-20, 1.000E-20, 1.000E-20, 1.000E-20, 1.000E-20, 1.000E-20, 1.000E-20, 1.000E-20, 1.000E-20, 1.000E-20, 1.000E-20, 1.000E-20, 1.000E-20, 1.000E-20, 1.000E-20, 1.000E-20, 1.000E-20, 1.000E-20, 1.000E-20, 2.802E-14, 1.160E-19, 5.343E-17,nan, 7.960E-26, 1.666E-21, 5.647E-14, 6.414E-13, 2.886E-16, 8.910E-20, 2.804E-14, 4.288E-11, 7.792E-13, 6.778E-13, 2.289E-13, 2.411E-10, 0.000E+00, 0.000E+00, 0.000E+00, 2.692E-13, 1.300E-12, 2.692E-13, 2.692E-13, 2.431E-13, 1.507E-12, 1.448E-12,nan,nan,nan,nan,nan, 4.682E-11, 1.760E-28, 1.532E-11
